date,1. open,5. volume,2. high,4. close,3. low
1998-01-02,81.38,295644.0,81.5,81.5,79.88
1998-01-05,81.0,347244.0,83.25,82.75,81.0
1998-01-06,82.0,483867.0,82.88,82.63,81.25
1998-01-07,82.13,259244.0,82.5,80.88,80.0
1998-01-08,79.88,215778.0,80.5,80.0,79.5
1998-01-09,79.88,411778.0,80.5,79.0,78.75
1998-01-12,78.88,384578.0,79.88,79.0,77.5
1998-01-13,79.5,208578.0,81.25,80.5,79.5
1998-01-14,80.38,806667.0,80.38,76.0,75.63
1998-01-15,76.75,697600.0,76.75,75.81,74.25
1998-01-16,76.75,513378.0,77.25,76.75,76.0
1998-01-20,77.5,504000.0,78.0,77.5,76.5
1998-01-21,77.5,428400.0,78.75,77.88,76.75
1998-01-22,77.88,287067.0,78.38,78.0,77.25
1998-01-23,77.63,230178.0,77.88,76.13,76.0
1998-01-26,77.0,259244.0,77.0,76.0,75.88
1998-01-27,76.13,398267.0,78.0,77.81,76.0
1998-01-28,78.0,194844.0,78.38,78.19,77.5
1998-01-29,77.75,344000.0,79.63,78.88,77.63
1998-01-30,78.38,330978.0,78.88,76.25,76.25
1998-02-02,77.13,437200.0,78.25,77.88,77.06
1998-02-03,77.88,394444.0,79.38,79.31,77.25
1998-02-04,78.25,296400.0,78.63,78.44,77.88
1998-02-05,78.5,156444.0,78.5,77.75,77.25
1998-02-06,77.63,247867.0,79.25,79.13,77.63
1998-02-09,78.94,136800.0,79.13,79.0,78.38
1998-02-10,79.13,149644.0,79.75,79.0,78.88
1998-02-11,79.13,122400.0,79.75,79.38,78.88
1998-02-12,79.63,301200.0,79.75,79.56,77.63
1998-02-13,79.0,127378.0,79.56,79.38,78.56
1998-02-17,78.88,459867.0,79.63,79.38,78.38
1998-02-18,79.25,349644.0,80.13,79.94,79.13
1998-02-19,79.94,398667.0,79.94,79.44,79.13
1998-02-20,79.63,425200.0,80.0,79.38,79.13
1998-02-23,79.63,216267.0,80.0,79.25,78.75
1998-02-24,79.19,190000.0,79.5,79.13,79.06
1998-02-25,79.5,264800.0,80.88,79.94,79.25
1998-02-26,80.25,138978.0,80.5,80.25,79.13
1998-02-27,79.94,154844.0,80.0,79.0,78.75
1998-03-02,79.38,216978.0,79.5,78.16,77.19
1998-03-03,77.88,203600.0,79.0,78.06,77.38
1998-03-04,78.38,155378.0,78.63,78.0,77.5
1998-03-05,77.0,186844.0,77.75,77.19,76.0
1998-03-06,77.13,260444.0,78.25,78.25,77.13
1998-03-09,78.0,143867.0,79.13,78.13,77.38
1998-03-10,78.13,133378.0,79.13,79.13,77.75
1998-03-11,78.88,116978.0,79.13,79.0,78.5
1998-03-12,78.5,162000.0,79.13,78.91,78.13
1998-03-13,79.0,169378.0,79.38,78.5,78.25
1998-03-16,78.88,262800.0,81.63,81.38,78.25
1998-03-17,81.5,580044.0,83.25,82.94,79.88
1998-03-18,82.63,274844.0,82.88,82.41,81.5
1998-03-19,82.5,200400.0,83.75,82.06,81.75
1998-03-20,82.13,467778.0,84.38,84.31,82.06
1998-03-23,83.5,311378.0,84.5,83.88,83.38
1998-03-24,83.63,304444.0,85.25,84.5,83.63
1998-03-25,85.0,374400.0,86.0,84.56,84.13
1998-03-26,84.5,352667.0,86.63,86.5,84.25
1998-03-27,86.75,460400.0,88.25,84.5,84.5
1998-03-30,84.5,192178.0,85.75,84.44,84.38
1998-03-31,84.63,432444.0,87.38,85.5,84.63
1998-04-01,85.0,234044.0,85.63,85.13,84.25
1998-04-02,85.25,411600.0,87.5,87.0,84.88
1998-04-03,87.38,211067.0,88.25,87.88,86.25
1998-04-06,88.38,291867.0,89.25,87.75,87.75
1998-04-07,88.0,155067.0,88.0,86.88,85.5
1998-04-08,86.81,201600.0,86.81,85.38,84.63
1998-04-09,85.38,158267.0,86.25,86.13,85.13
1998-04-13,86.5,306444.0,88.0,86.25,85.63
1998-04-14,85.75,183200.0,87.88,87.5,85.25
1998-04-15,87.63,239244.0,88.25,87.81,86.5
1998-04-16,58.38,239511.0,58.38,56.31,56.0
1998-04-17,56.88,414800.0,57.88,57.88,55.75
1998-04-20,58.06,365200.0,58.25,56.25,56.13
1998-04-21,56.44,385067.0,57.25,56.44,55.5
1998-04-22,57.13,256467.0,57.75,57.13,56.38
1998-04-23,57.0,248000.0,57.13,55.03,55.0
1998-04-24,55.5,257267.0,56.25,54.0,53.25
1998-04-27,53.5,316400.0,53.5,52.19,51.13
1998-04-28,52.88,228267.0,53.63,52.19,52.19
1998-04-29,53.25,169667.0,53.44,52.5,52.5
1998-04-30,54.38,213600.0,55.0,55.0,53.5
1998-05-01,55.0,215267.0,55.63,54.31,53.88
1998-05-04,54.69,148067.0,55.63,53.38,53.25
1998-05-05,53.0,463400.0,53.25,51.88,51.5
1998-05-06,52.0,586600.0,52.25,50.81,50.38
1998-05-07,51.25,1947867.0,52.0,50.63,50.25
1998-05-08,50.69,505800.0,51.25,51.03,50.69
1998-05-11,51.63,549400.0,51.81,51.53,51.13
1998-05-12,51.38,462067.0,53.0,52.63,51.25
1998-05-13,53.25,262467.0,53.38,52.38,52.25
1998-05-14,52.13,296800.0,52.56,51.44,51.13
1998-05-15,51.56,462000.0,51.81,50.88,50.06
1998-05-18,50.5,613800.0,50.88,50.34,49.88
1998-05-19,50.31,321000.0,51.38,50.66,50.13
1998-05-20,51.13,575067.0,51.25,50.78,50.75
1998-05-21,50.31,749800.0,51.0,50.34,50.25
1998-05-22,50.13,199667.0,50.5,49.94,49.94
1998-05-26,50.25,411000.0,50.5,49.94,49.63
1998-05-27,49.0,553600.0,49.75,48.94,48.13
1998-05-28,49.0,199600.0,49.25,49.0,48.5
1998-05-29,49.13,424000.0,49.63,49.25,48.75
1998-06-01,49.31,273000.0,50.31,50.0,49.25
1998-06-02,50.13,286600.0,50.75,50.06,49.5
1998-06-03,50.5,217200.0,50.63,48.5,48.5
1998-06-04,48.88,611267.0,49.0,48.94,47.5
1998-06-05,49.38,546600.0,49.88,49.88,49.25
1998-06-08,50.5,512867.0,50.63,49.63,49.5
1998-06-09,49.75,421067.0,50.0,49.44,49.13
1998-06-10,49.44,292867.0,51.19,50.62,49.25
1998-06-11,50.63,542067.0,51.19,50.44,49.88
1998-06-12,50.5,295600.0,50.5,50.44,49.31
1998-06-15,50.06,902400.0,51.13,51.0,49.38
1998-06-16,51.13,1034867.0,52.0,52.0,50.63
1998-06-17,52.13,592867.0,53.38,53.38,51.88
1998-06-18,53.13,984867.0,54.63,54.06,53.13
1998-06-19,53.94,1054400.0,55.38,55.25,53.88
1998-06-22,55.0,1088000.0,57.88,56.75,55.0
1998-06-23,57.25,806067.0,58.13,58.13,56.38
1998-06-24,58.69,1192867.0,61.38,61.31,57.81
1998-06-25,61.81,842667.0,62.0,60.5,59.38
1998-06-26,60.0,561400.0,61.06,60.75,59.88
1998-06-29,60.69,805000.0,62.19,60.5,60.0
1998-06-30,60.38,777867.0,63.13,63.0,60.0
1998-07-01,62.5,602667.0,63.56,63.5,61.13
1998-07-02,63.5,620800.0,63.5,63.06,61.06
1998-07-06,63.0,546867.0,64.25,62.88,62.38
1998-07-07,62.5,606600.0,63.25,62.19,61.5
1998-07-08,62.25,971000.0,64.94,64.75,61.63
1998-07-09,63.88,1222867.0,64.5,63.13,62.75
1998-07-10,63.13,787800.0,64.5,64.13,62.88
1998-07-13,64.0,401467.0,64.13,63.06,62.38
1998-07-14,63.38,1339800.0,65.63,65.63,62.5
1998-07-15,65.88,747000.0,67.25,64.63,64.5
1998-07-16,64.5,1726267.0,65.31,65.25,63.75
1998-07-17,65.13,903467.0,65.94,65.88,64.63
1998-07-20,65.38,974067.0,65.88,65.0,64.5
1998-07-21,65.0,1074667.0,65.0,62.88,62.63
1998-07-22,63.13,1385267.0,63.5,61.94,61.69
1998-07-23,62.0,804600.0,62.56,61.59,60.63
1998-07-24,62.0,931267.0,62.0,60.75,59.38
1998-07-27,60.38,458800.0,60.38,60.0,59.38
1998-07-28,59.88,745067.0,60.0,58.88,56.94
1998-07-29,59.25,795667.0,59.63,59.31,58.88
1998-07-30,59.25,892400.0,61.63,61.5,59.25
1998-07-31,61.5,633467.0,62.25,62.25,60.5
1998-08-03,62.25,1007600.0,63.0,62.06,61.63
1998-08-04,62.25,1252067.0,62.38,59.97,59.25
1998-08-05,59.81,621467.0,60.0,59.5,58.44
1998-08-06,59.5,243467.0,60.0,59.63,58.94
1998-08-07,59.5,404067.0,59.94,59.38,58.88
1998-08-10,59.38,540800.0,59.38,58.5,57.88
1998-08-11,57.75,625000.0,58.0,56.5,55.94
1998-08-12,57.75,658467.0,58.0,57.63,55.94
1998-08-13,57.63,834467.0,58.13,56.25,55.88
1998-08-14,56.75,735800.0,57.0,56.16,55.81
1998-08-17,56.5,530667.0,58.75,58.69,55.69
1998-08-18,58.63,365600.0,59.75,59.5,58.13
1998-08-19,59.13,288200.0,60.0,58.56,58.25
1998-08-20,58.75,341467.0,58.75,58.5,57.63
1998-08-21,57.75,843667.0,58.5,57.13,56.94
1998-08-24,57.25,300067.0,58.69,58.0,57.25
1998-08-25,58.25,469600.0,59.38,58.0,56.38
1998-08-26,56.75,454667.0,58.75,58.0,56.75
1998-08-27,57.75,922867.0,58.0,56.97,56.75
1998-08-28,57.25,929467.0,57.63,56.91,56.06
1998-08-31,57.38,960000.0,57.5,53.19,53.13
1998-09-01,53.25,1148800.0,53.69,53.5,50.06
1998-09-02,53.44,564067.0,55.63,51.09,50.88
1998-09-03,49.88,774000.0,51.88,51.13,49.25
1998-09-04,51.63,514400.0,52.5,51.75,49.69
1998-09-08,51.88,877267.0,56.75,56.69,51.88
1998-09-09,56.38,584400.0,56.75,55.69,54.5
1998-09-10,55.0,524667.0,55.0,54.0,53.25
1998-09-11,53.88,576467.0,56.0,55.94,51.88
1998-09-14,56.75,493200.0,59.38,58.0,55.88
1998-09-15,57.63,676000.0,60.38,60.25,57.13
1998-09-16,60.63,784267.0,61.5,60.06,58.0
1998-09-17,58.5,419867.0,59.38,58.75,57.38
1998-09-18,58.75,1095267.0,60.25,59.94,58.63
1998-09-21,58.63,604467.0,61.25,61.25,57.75
1998-09-22,61.25,748067.0,62.88,62.75,60.75
1998-09-23,63.0,706200.0,64.44,64.25,62.63
1998-09-24,64.0,572600.0,64.88,63.5,61.88
1998-09-25,62.25,510867.0,63.88,63.63,61.81
1998-09-28,64.0,448467.0,64.88,61.25,61.25
1998-09-29,60.75,425600.0,62.5,61.25,59.63
1998-09-30,60.56,450200.0,60.63,57.5,57.19
1998-10-01,56.88,497600.0,57.13,55.44,54.75
1998-10-02,55.25,1072067.0,60.13,59.44,54.31
1998-10-05,58.75,863467.0,59.25,58.75,57.0
1998-10-06,60.0,800867.0,60.5,58.0,55.75
1998-10-07,57.13,724000.0,58.5,54.88,54.75
1998-10-08,53.56,778600.0,56.25,56.13,50.31
1998-10-09,57.5,907667.0,58.5,58.0,55.5
1998-10-12,59.0,1500200.0,62.25,61.25,58.63
1998-10-13,60.5,847800.0,62.0,60.19,59.0
1998-10-14,60.13,904000.0,61.75,61.0,59.5
1998-10-15,61.25,1616600.0,64.38,64.03,59.25
1998-10-16,65.44,1872667.0,66.5,65.94,64.25
1998-10-19,65.63,544400.0,66.19,65.5,64.25
1998-10-20,66.25,771400.0,67.5,65.5,65.38
1998-10-21,65.5,622000.0,65.63,64.81,63.63
1998-10-22,64.88,858200.0,64.88,64.47,63.31
1998-10-23,64.25,674867.0,64.63,64.25,63.5
1998-10-26,65.5,635867.0,66.13,65.13,64.25
1998-10-27,65.38,425000.0,65.63,64.63,63.75
1998-10-28,64.0,507800.0,65.13,64.81,63.75
1998-10-29,64.5,438800.0,65.5,65.31,63.88
1998-10-30,65.88,415000.0,66.5,66.25,65.56
1998-11-02,67.0,769867.0,67.63,67.5,65.75
1998-11-03,67.19,433200.0,67.25,66.44,65.38
1998-11-04,66.63,668467.0,68.88,68.38,66.5
1998-11-05,67.81,2256600.0,72.25,71.5,67.63
1998-11-06,71.25,975867.0,72.38,71.94,70.25
1998-11-09,71.88,848400.0,71.88,69.19,69.0
1998-11-10,69.19,403067.0,69.19,67.69,67.63
1998-11-11,68.0,736800.0,68.25,67.44,66.13
1998-11-12,67.38,614800.0,67.63,66.5,66.25
1998-11-13,66.5,761467.0,66.75,66.38,65.88
1998-11-16,67.0,731800.0,68.63,67.81,66.88
1998-11-17,67.75,857000.0,69.75,68.5,67.75
1998-11-18,68.75,234067.0,69.38,68.31,66.63
1998-11-19,68.06,437600.0,69.69,69.5,68.06
1998-11-20,70.38,620867.0,70.38,70.25,69.5
1998-11-23,70.25,570200.0,71.25,70.38,70.0
1998-11-24,69.88,349200.0,71.13,69.63,69.5
1998-11-25,70.12,185667.0,70.19,70.19,69.25
1998-11-27,69.75,119867.0,69.75,68.78,68.5
1998-11-30,68.06,393600.0,68.25,66.38,66.31
1998-12-01,65.75,249267.0,66.5,66.38,65.25
1998-12-02,65.75,698067.0,68.88,68.84,65.38
1998-12-03,68.5,312400.0,69.13,67.63,67.25
1998-12-04,68.13,353400.0,70.13,70.13,67.63
1998-12-07,70.0,263467.0,70.13,69.91,69.31
1998-12-08,69.5,679867.0,70.13,68.81,68.63
1998-12-09,68.75,341400.0,70.0,69.69,68.63
1998-12-10,69.0,633267.0,69.63,68.88,68.5
1998-12-11,69.0,347467.0,69.88,69.19,68.81
1998-12-14,68.94,412000.0,69.38,67.94,67.56
1998-12-15,67.94,425200.0,70.0,70.0,67.75
1998-12-16,69.75,421800.0,70.0,69.63,69.0
1998-12-17,69.63,595600.0,70.0,69.5,69.38
1998-12-18,69.81,841267.0,70.13,69.94,69.63
1998-12-21,69.75,560000.0,71.13,70.69,69.69
1998-12-22,71.0,624267.0,71.0,69.69,69.63
1998-12-23,69.94,627067.0,71.75,71.5,69.69
1998-12-24,71.5,265600.0,72.0,71.81,71.44
1998-12-28,72.13,656000.0,73.63,72.94,71.88
1998-12-29,72.88,394067.0,73.63,73.38,71.75
1998-12-30,73.38,398467.0,74.13,73.0,72.88
1998-12-31,72.88,720600.0,73.63,71.38,71.06
1999-01-04,71.13,864467.0,72.0,71.38,70.75
1999-01-05,71.25,515667.0,71.94,71.78,70.94
1999-01-06,71.75,522267.0,75.44,75.44,71.75
1999-01-07,74.0,361467.0,74.38,73.75,72.63
1999-01-08,73.38,296600.0,73.63,72.88,71.63
1999-01-11,72.0,326067.0,72.75,72.0,71.75
1999-01-12,71.94,419400.0,71.94,70.5,69.13
1999-01-13,68.44,427467.0,70.25,69.63,67.81
1999-01-14,70.0,552467.0,70.0,64.75,64.63
1999-01-15,66.0,971400.0,70.31,70.13,65.88
1999-01-19,71.13,626400.0,71.63,68.06,68.0
1999-01-20,68.44,492600.0,68.5,67.81,66.5
1999-01-21,67.38,875067.0,68.75,68.13,66.38
1999-01-22,66.88,415800.0,67.5,66.38,66.0
1999-01-25,67.0,383000.0,67.75,67.75,65.63
1999-01-26,67.38,492867.0,68.13,66.81,66.31
1999-01-27,67.25,287600.0,67.56,65.91,65.75
1999-01-28,65.88,791067.0,68.38,68.06,65.88
1999-01-29,68.0,525200.0,68.63,68.44,67.5
1999-02-01,68.56,324600.0,68.56,66.31,66.19
1999-02-02,66.0,596000.0,66.19,65.44,64.38
1999-02-03,65.75,682267.0,67.0,66.75,64.75
1999-02-04,66.5,914067.0,66.75,64.5,63.5
1999-02-05,64.5,339467.0,65.56,64.88,63.38
1999-02-08,64.88,454267.0,64.88,63.5,63.0
1999-02-09,63.38,660067.0,63.88,62.94,62.38
1999-02-10,63.38,332800.0,63.88,63.5,62.38
1999-02-11,63.25,827400.0,68.13,68.13,63.0
1999-02-12,67.25,512067.0,68.38,64.22,64.0
1999-02-16,65.25,429067.0,67.88,66.25,64.5
1999-02-17,65.88,627867.0,67.06,65.88,65.13
1999-02-18,66.25,342400.0,66.88,66.88,64.88
1999-02-19,66.5,457267.0,67.56,67.0,65.88
1999-02-22,67.0,925067.0,69.88,69.75,66.75
1999-02-23,69.13,478600.0,70.38,67.19,67.19
1999-02-24,67.63,574067.0,68.25,64.31,64.31
1999-02-25,64.31,620667.0,65.31,64.94,63.25
1999-02-26,65.25,447600.0,66.25,66.06,64.63
1999-03-01,65.88,461667.0,66.44,66.13,64.25
1999-03-02,66.0,435467.0,66.5,65.25,65.25
1999-03-03,65.0,319400.0,65.63,65.56,64.38
1999-03-04,65.5,349000.0,66.63,66.63,65.06
1999-03-05,66.88,404800.0,68.81,68.81,66.75
1999-03-08,68.75,512800.0,69.38,69.13,68.5
1999-03-09,69.0,1135800.0,70.25,70.19,68.0
1999-03-10,70.25,1348200.0,72.69,72.31,70.0
1999-03-11,72.56,563867.0,73.44,73.31,72.25
1999-03-12,73.5,888800.0,73.88,73.16,72.88
1999-03-15,73.13,1346067.0,73.81,73.81,73.06
1999-03-16,73.75,903200.0,73.81,73.06,72.94
1999-03-17,73.0,827200.0,73.06,72.94,72.75
1999-03-18,72.88,699600.0,74.0,73.56,72.63
1999-03-19,74.0,1008067.0,74.75,74.0,73.25
1999-03-22,73.5,430800.0,74.19,74.06,73.5
1999-03-23,74.0,700067.0,74.13,73.13,72.38
1999-03-24,73.25,482467.0,73.81,72.5,72.25
1999-03-25,72.88,466667.0,73.0,72.5,72.13
1999-03-26,72.5,451067.0,72.56,69.81,69.75
1999-03-29,70.25,667200.0,72.63,72.38,70.0
1999-03-30,72.0,703000.0,72.13,68.31,68.25
1999-03-31,69.19,1405267.0,69.63,65.94,65.88
1999-04-01,66.56,1580467.0,66.63,65.19,64.5
1999-04-05,65.44,1154267.0,66.75,66.28,65.25
1999-04-06,66.5,561667.0,66.5,66.13,65.38
1999-04-07,66.13,566867.0,67.25,67.0,65.88
1999-04-08,66.94,1130200.0,68.25,67.0,66.63
1999-04-09,67.13,412800.0,67.88,67.0,66.63
1999-04-12,66.88,529200.0,68.81,68.63,66.5
1999-04-13,68.25,619600.0,68.63,67.13,66.56
1999-04-14,67.38,614400.0,68.5,68.13,66.88
1999-04-15,68.25,690267.0,71.0,70.0,67.63
1999-04-16,70.5,855800.0,70.5,69.0,67.5
1999-04-19,69.5,626467.0,69.88,68.56,68.13
1999-04-20,69.19,401667.0,69.63,69.5,68.25
1999-04-21,69.88,256867.0,69.88,69.5,68.56
1999-04-22,69.38,270000.0,69.5,69.44,68.75
1999-04-23,69.0,243000.0,70.0,68.59,68.5
1999-04-26,68.75,853200.0,70.0,70.0,68.63
1999-04-27,69.94,957600.0,72.25,71.94,69.88
1999-04-28,72.0,770600.0,72.88,70.13,69.75
1999-04-29,70.25,593600.0,71.5,71.13,70.0
1999-04-30,71.0,635000.0,72.5,71.69,70.56
1999-05-03,71.5,548067.0,72.38,72.25,70.75
1999-05-04,72.13,858400.0,72.25,70.06,69.94
1999-05-05,70.13,899200.0,71.38,71.0,70.0
1999-05-06,70.75,774867.0,71.63,71.47,70.75
1999-05-07,71.31,876200.0,72.75,72.56,71.31
1999-05-10,72.56,714267.0,72.75,72.19,71.75
1999-05-11,72.0,681000.0,74.13,73.44,72.0
1999-05-12,73.0,510267.0,73.31,72.75,72.19
1999-05-13,73.0,530800.0,74.25,73.88,72.81
1999-05-14,73.19,665400.0,73.5,72.69,71.88
1999-05-17,72.31,397467.0,72.38,72.31,71.38
1999-05-18,72.31,490400.0,73.06,72.5,71.75
1999-05-19,72.25,375400.0,72.88,72.31,71.69
1999-05-20,72.13,570067.0,72.5,70.06,70.06
1999-05-21,70.38,529000.0,71.63,70.0,69.75
1999-05-24,70.13,441867.0,70.38,68.94,68.75
1999-05-25,69.0,480667.0,69.25,67.31,66.94
1999-05-26,67.63,1400867.0,68.31,66.88,64.75
1999-05-27,66.44,729800.0,66.63,64.88,64.88
1999-05-28,65.38,477267.0,68.25,68.19,64.88
1999-06-01,68.13,484800.0,68.19,66.63,65.44
1999-06-02,66.5,336267.0,67.06,65.81,65.5
1999-06-03,66.0,687800.0,68.38,68.22,64.63
1999-06-04,68.25,411600.0,69.28,68.03,67.5
1999-06-07,68.5,294600.0,69.63,69.13,68.06
1999-06-08,68.63,243667.0,69.13,68.38,67.38
1999-06-09,68.38,241600.0,68.88,67.59,67.25
1999-06-10,67.0,411200.0,67.0,66.41,65.19
1999-06-11,67.0,639600.0,67.94,65.13,65.0
1999-06-14,65.5,333600.0,68.0,67.25,65.44
1999-06-15,66.75,478200.0,69.19,67.63,66.63
1999-06-16,65.25,2291667.0,65.63,64.84,64.0
1999-06-17,64.94,1219467.0,65.88,65.88,64.69
1999-06-18,65.13,1463000.0,65.81,65.25,63.94
1999-06-21,65.19,717400.0,65.25,64.44,64.25
1999-06-22,64.25,420200.0,64.5,64.0,63.75
1999-06-23,64.25,446067.0,64.25,63.44,63.0
1999-06-24,63.56,396467.0,63.56,62.25,61.63
1999-06-25,62.56,482467.0,64.25,63.5,62.31
1999-06-28,64.25,700400.0,66.0,65.06,63.75
1999-06-29,65.44,506200.0,66.0,65.94,65.0
1999-06-30,65.63,1041067.0,66.88,66.56,64.25
1999-07-01,66.44,893400.0,66.5,65.34,64.38
1999-07-02,65.88,550667.0,65.88,65.38,64.5
1999-07-06,65.5,1445067.0,67.22,66.81,65.0
1999-07-07,66.88,969000.0,66.94,66.81,66.25
1999-07-08,66.63,906800.0,66.75,65.53,65.5
1999-07-09,66.13,296467.0,67.0,66.97,65.63
1999-07-12,67.38,517467.0,67.69,66.56,66.31
1999-07-13,66.25,311267.0,66.25,65.28,64.75
1999-07-14,65.38,474067.0,65.94,65.63,64.69
1999-07-15,66.19,1259000.0,67.75,67.69,66.06
1999-07-16,68.0,547667.0,68.38,67.75,67.63
1999-07-19,68.0,872200.0,69.44,68.75,67.75
1999-07-20,68.56,1299867.0,69.38,69.25,68.5
1999-07-21,69.38,1291667.0,69.75,69.5,69.25
1999-07-22,69.69,645400.0,69.69,69.56,69.13
1999-07-23,69.5,865800.0,69.88,69.69,69.06
1999-07-26,69.06,331000.0,69.44,69.34,68.5
1999-07-27,69.56,368467.0,69.88,69.19,68.69
1999-07-28,68.94,262867.0,69.5,67.88,67.88
1999-07-29,67.75,459467.0,67.81,66.5,66.0
1999-07-30,66.34,554400.0,66.5,65.06,64.63
1999-08-02,65.13,486000.0,66.0,65.22,64.38
1999-08-03,65.44,674467.0,66.13,65.56,65.19
1999-08-04,65.5,344267.0,66.0,64.94,64.88
1999-08-05,64.88,525667.0,65.13,63.31,63.13
1999-08-06,63.19,289000.0,64.0,62.44,62.13
1999-08-09,64.88,479600.0,65.13,62.63,61.81
1999-08-10,62.56,784800.0,62.88,61.56,60.06
1999-08-11,61.94,527467.0,62.38,62.0,61.38
1999-08-12,62.5,288267.0,64.0,63.13,62.31
1999-08-13,63.38,501400.0,66.25,66.22,63.31
1999-08-16,66.0,328067.0,66.25,65.13,64.5
1999-08-17,65.63,680467.0,68.31,68.25,65.63
1999-08-18,67.94,544267.0,67.94,66.0,65.75
1999-08-19,65.63,359200.0,66.0,65.0,64.63
1999-08-20,64.75,430867.0,66.25,66.06,64.0
1999-08-23,66.0,606067.0,68.5,68.31,66.0
1999-08-24,67.88,750000.0,68.38,68.0,67.13
1999-08-25,67.94,1021000.0,69.0,68.63,67.0
1999-08-26,68.56,628867.0,68.94,68.06,67.75
1999-08-27,68.0,499000.0,68.44,67.94,67.75
1999-08-30,67.94,333200.0,68.13,64.88,64.88
1999-08-31,65.63,452867.0,66.5,66.25,64.0
1999-09-01,66.25,384067.0,66.94,66.88,65.5
1999-09-02,65.56,576200.0,65.88,63.75,63.25
1999-09-03,64.63,1202000.0,65.88,65.56,64.5
1999-09-07,65.63,506000.0,65.75,63.31,63.25
1999-09-08,63.0,340400.0,64.38,63.28,62.5
1999-09-09,63.38,274267.0,63.5,62.88,62.25
1999-09-10,63.38,339800.0,63.88,63.69,63.0
1999-09-13,63.31,331000.0,63.44,63.19,62.19
1999-09-14,62.97,511400.0,63.0,61.72,61.63
1999-09-15,63.0,491600.0,63.44,62.81,62.38
1999-09-16,63.06,447200.0,63.06,61.94,61.94
1999-09-17,62.19,972200.0,62.31,61.5,61.38
1999-09-20,61.56,435400.0,62.13,62.09,60.88
1999-09-21,61.5,536400.0,61.75,60.13,59.25
1999-09-22,60.25,686600.0,60.38,59.75,58.63
1999-09-23,59.88,893000.0,61.31,59.38,58.75
1999-09-24,59.44,660800.0,61.88,61.81,59.25
1999-09-27,62.0,303867.0,62.38,59.69,59.69
1999-09-28,59.53,401267.0,60.25,59.88,58.75
1999-09-29,59.84,258200.0,59.88,59.13,59.13
1999-09-30,59.63,865600.0,61.0,60.84,59.06
1999-10-01,60.25,463800.0,60.63,60.06,59.13
1999-10-04,60.25,976800.0,62.88,62.75,60.13
1999-10-05,62.56,1240000.0,63.94,61.91,61.38
1999-10-06,62.06,798200.0,64.13,64.0,61.88
1999-10-07,64.38,566467.0,64.38,62.44,62.38
1999-10-08,62.94,1062200.0,66.0,66.0,62.63
1999-10-11,65.5,1100600.0,66.38,65.94,65.25
1999-10-12,65.69,1066267.0,66.06,65.94,65.56
1999-10-13,65.88,943000.0,65.88,63.94,63.5
1999-10-14,63.88,635000.0,63.88,62.81,62.13
1999-10-15,61.5,1332667.0,61.63,60.38,59.13
1999-10-18,60.13,1175867.0,60.38,59.44,57.88
1999-10-19,60.38,1102600.0,62.5,61.69,60.13
1999-10-20,62.44,500267.0,63.81,63.66,62.31
1999-10-21,63.06,338000.0,64.38,64.19,62.5
1999-10-22,64.5,875400.0,65.88,65.13,64.5
1999-10-25,64.47,578667.0,65.63,65.0,64.0
1999-10-26,65.0,551667.0,65.69,63.63,63.44
1999-10-27,63.91,798400.0,66.19,66.06,63.63
1999-10-28,67.38,1591400.0,70.0,70.0,67.38
1999-10-29,70.0,2674667.0,74.0,73.81,70.0
1999-11-01,73.13,1359600.0,73.63,73.56,72.0
1999-11-02,73.0,1540200.0,73.31,71.0,70.44
1999-11-03,71.5,1170667.0,71.81,70.06,69.5
1999-11-04,70.38,938600.0,72.0,71.38,70.25
1999-11-05,72.13,587200.0,72.75,72.19,72.0
1999-11-08,72.06,584467.0,72.19,72.09,71.63
1999-11-09,72.25,493400.0,72.5,70.13,69.75
1999-11-10,69.75,465400.0,70.88,70.81,68.75
1999-11-11,70.56,515200.0,70.75,69.69,69.5
1999-11-12,70.22,614267.0,72.06,71.94,70.06
1999-11-15,71.75,905600.0,73.88,73.88,71.75
1999-11-16,73.91,1223400.0,75.13,74.94,73.75
1999-11-17,75.0,827467.0,75.44,73.75,73.19
1999-11-18,73.13,530267.0,73.63,73.31,72.44
1999-11-19,73.0,982467.0,73.59,73.31,72.56
1999-11-22,73.19,1169400.0,73.25,71.25,70.69
1999-11-23,71.25,605067.0,71.38,70.13,69.81
1999-11-24,69.88,721467.0,69.94,69.5,69.0
1999-11-26,69.5,319800.0,69.56,69.19,68.75
1999-11-29,68.44,1660800.0,68.44,68.25,67.06
1999-11-30,68.13,806800.0,70.19,70.0,67.75
1999-12-01,69.44,854667.0,69.63,67.75,67.38
1999-12-02,67.88,648267.0,68.75,68.63,67.25
1999-12-03,69.5,786800.0,72.59,71.75,69.13
1999-12-06,71.5,936000.0,71.5,69.19,68.13
1999-12-07,68.63,1101000.0,68.63,67.19,65.88
1999-12-08,67.63,711267.0,67.94,65.31,65.0
1999-12-09,65.88,670667.0,66.88,65.84,64.44
1999-12-10,66.5,521400.0,67.19,64.63,64.63
1999-12-13,64.59,774000.0,66.0,65.81,63.5
1999-12-14,65.81,1479400.0,66.31,66.31,65.63
1999-12-15,66.0,494400.0,66.25,65.38,64.75
1999-12-16,65.5,1812467.0,66.19,65.19,63.88
1999-12-17,65.25,1806600.0,66.69,65.94,65.13
1999-12-20,66.25,791467.0,67.88,67.75,66.25
1999-12-21,67.94,955067.0,70.5,70.44,66.25
1999-12-22,70.63,889667.0,71.63,71.13,70.56
1999-12-23,71.19,1055400.0,73.38,72.56,71.19
1999-12-27,72.63,844000.0,73.75,72.75,72.5
1999-12-28,72.56,949667.0,73.19,71.63,70.88
1999-12-29,72.13,266067.0,72.81,72.75,71.63
1999-12-30,73.0,396267.0,73.94,73.66,72.02
1999-12-31,73.63,189400.0,73.75,73.38,72.63
2000-01-03,72.75,980800.0,72.75,69.87,68.69
2000-01-04,68.31,1047400.0,68.5,66.94,65.88
2000-01-05,67.13,745667.0,67.44,66.44,65.5
2000-01-06,66.0,1189667.0,68.31,68.25,65.0
2000-01-07,68.0,565800.0,69.0,67.81,66.81
2000-01-10,67.63,616867.0,68.0,66.03,65.31
2000-01-11,65.75,561600.0,66.0,64.06,63.63
2000-01-12,64.0,928867.0,64.38,63.69,63.25
2000-01-13,64.0,1129267.0,65.88,65.5,63.88
2000-01-14,65.94,1210267.0,67.06,66.38,65.63
2000-01-18,66.38,943067.0,66.38,65.0,64.44
2000-01-19,65.25,1169200.0,65.75,61.81,60.69
2000-01-20,62.06,1289267.0,62.06,60.0,59.69
2000-01-21,61.0,1259000.0,61.13,60.13,59.63
2000-01-24,60.06,551067.0,60.63,57.72,57.56
2000-01-25,58.25,849867.0,61.38,60.56,58.06
2000-01-26,61.06,914867.0,63.44,63.19,60.5
2000-01-27,63.19,688067.0,64.69,63.94,63.13
2000-01-28,63.88,742667.0,63.88,62.94,61.88
2000-01-31,62.63,897867.0,66.38,66.38,62.25
2000-02-01,66.0,653400.0,66.0,64.44,63.38
2000-02-02,65.25,640000.0,65.25,62.5,62.44
2000-02-03,62.5,937200.0,65.63,65.44,62.44
2000-02-04,65.38,729600.0,65.38,62.25,62.06
2000-02-07,62.63,865867.0,62.63,61.88,60.5
2000-02-08,61.63,822067.0,62.5,61.94,61.31
2000-02-09,61.75,519000.0,62.06,60.56,60.0
2000-02-10,60.81,539000.0,61.94,60.25,60.19
2000-02-11,60.63,686467.0,61.56,60.03,59.88
2000-02-14,59.94,792467.0,60.13,58.0,57.38
2000-02-15,58.06,1137200.0,58.75,58.75,57.13
2000-02-16,58.88,635667.0,59.25,59.22,57.44
2000-02-17,59.19,1074600.0,59.38,57.38,57.38
2000-02-18,57.88,1782467.0,58.06,55.44,55.44
2000-02-22,55.88,2792267.0,55.88,54.44,53.88
2000-02-23,54.5,1016067.0,54.5,52.88,52.5
2000-02-24,53.0,1287600.0,53.06,52.44,50.63
2000-02-25,52.44,1087600.0,53.13,50.13,49.5
2000-02-28,50.38,1607067.0,52.81,52.75,49.69
2000-02-29,52.81,876400.0,52.81,52.06,50.06
2000-03-01,51.88,1086067.0,52.38,50.06,49.81
2000-03-02,50.25,1267067.0,50.38,49.44,49.44
2000-03-03,50.19,708200.0,50.19,49.19,48.63
2000-03-06,49.5,990667.0,49.5,46.75,46.63
2000-03-07,46.94,619400.0,46.94,46.13,44.88
2000-03-08,46.13,777600.0,46.19,45.0,44.0
2000-03-09,45.13,720867.0,47.38,47.27,44.69
2000-03-10,47.69,723267.0,48.13,45.88,45.63
2000-03-13,45.44,644667.0,47.0,46.0,44.94
2000-03-14,46.63,1701267.0,49.25,48.44,46.13
2000-03-15,48.5,1328000.0,53.75,53.0,48.13
2000-03-16,54.13,3146800.0,61.38,58.94,53.75
2000-03-17,59.38,2041800.0,60.75,60.25,58.19
2000-03-20,59.69,904800.0,59.75,56.88,55.63
2000-03-21,55.94,1332600.0,60.44,59.69,55.13
2000-03-22,59.5,779067.0,61.13,60.25,59.5
2000-03-23,59.75,913467.0,63.69,63.06,59.0
2000-03-24,62.88,1081267.0,64.94,63.44,61.88
2000-03-27,63.25,832600.0,63.31,62.19,61.06
2000-03-28,61.38,954467.0,64.38,63.5,61.0
2000-03-29,63.56,676467.0,63.94,62.56,62.38
2000-03-30,62.31,537200.0,63.25,61.5,61.31
2000-03-31,61.56,982667.0,65.13,63.0,59.75
2000-04-03,63.38,1549200.0,67.48,67.13,63.38
2000-04-04,66.81,994400.0,68.31,65.09,63.03
2000-04-05,64.5,549067.0,66.7,63.25,62.75
2000-04-06,63.31,363000.0,64.69,64.45,62.63
2000-04-07,64.5,429867.0,64.63,62.06,61.81
2000-04-10,61.5,708600.0,65.06,64.31,60.75
2000-04-11,63.81,469200.0,66.0,64.31,63.75
2000-04-12,64.94,1136000.0,67.5,64.31,64.25
2000-04-13,64.31,853000.0,64.63,63.31,62.63
2000-04-14,62.56,1896000.0,62.56,59.06,57.69
2000-04-17,59.38,1174667.0,62.69,61.94,59.0
2000-04-18,61.63,1306467.0,65.94,65.0,61.38
2000-04-19,64.5,446467.0,64.56,63.0,61.5
2000-04-20,62.88,682000.0,64.0,63.63,62.38
2000-04-24,62.38,810467.0,65.0,64.58,62.31
2000-04-25,65.06,1600467.0,69.25,68.0,65.06
2000-04-26,67.5,935800.0,67.5,65.5,65.13
2000-04-27,63.63,1213067.0,64.25,63.44,62.25
2000-04-28,63.44,1073000.0,63.44,63.13,60.5
2000-05-01,62.69,925200.0,64.63,63.19,62.19
2000-05-02,63.19,1337600.0,63.63,63.38,61.69
2000-05-03,63.38,588200.0,63.44,61.0,59.81
2000-05-04,61.0,655067.0,61.5,58.75,58.75
2000-05-05,58.75,565467.0,59.56,59.13,56.63
2000-05-08,58.88,652467.0,61.53,60.94,57.5
2000-05-09,60.94,461400.0,62.31,62.13,60.0
2000-05-10,61.81,572067.0,62.69,61.81,60.88
2000-05-11,62.17,1035400.0,65.16,64.25,62.06
2000-05-12,64.25,1405467.0,66.56,66.13,64.0
2000-05-15,66.16,543600.0,66.94,66.88,65.25
2000-05-16,66.88,756667.0,67.0,66.25,65.13
2000-05-17,65.06,375400.0,65.69,65.5,64.13
2000-05-18,65.5,728067.0,67.63,66.94,65.25
2000-05-19,65.88,924600.0,66.94,65.69,65.13
2000-05-22,65.69,484867.0,67.63,67.44,65.19
2000-05-23,67.25,785600.0,67.91,66.94,66.5
2000-05-24,67.25,1987467.0,67.88,67.69,66.0
2000-05-25,67.75,1347267.0,67.94,67.38,66.94
2000-05-26,67.5,682467.0,68.25,68.13,66.63
2000-05-30,68.19,836000.0,68.94,68.56,67.44
2000-05-31,68.38,710800.0,68.56,68.0,67.5
2000-06-01,68.19,2197067.0,71.0,70.0,68.0
2000-06-02,70.81,1382267.0,72.0,71.56,70.75
2000-06-05,70.88,843400.0,71.19,70.06,69.56
2000-06-06,69.78,2338800.0,70.19,70.0,69.56
2000-06-07,69.56,1275000.0,71.69,70.94,69.31
2000-06-08,70.88,575800.0,70.94,68.75,68.0
2000-06-09,68.94,385400.0,69.88,67.13,66.44
2000-06-12,67.75,359200.0,68.75,67.94,67.31
2000-06-13,67.38,448600.0,67.88,67.75,66.5
2000-06-14,67.88,501000.0,68.0,67.44,66.25
2000-06-15,66.94,1496067.0,67.0,64.06,63.06
2000-06-16,61.63,2299200.0,63.0,60.06,59.38
2000-06-19,60.06,1824200.0,63.88,63.61,59.63
2000-06-20,63.44,907467.0,63.44,62.0,60.25
2000-06-21,61.94,630867.0,62.0,60.75,59.38
2000-06-22,60.25,680867.0,62.0,61.88,60.13
2000-06-23,62.25,467267.0,62.47,61.56,61.0
2000-06-26,61.38,434267.0,63.25,62.75,61.38
2000-06-27,62.88,735267.0,65.13,64.06,62.81
2000-06-28,64.06,998667.0,65.25,64.13,63.81
2000-06-29,63.63,776200.0,63.75,62.75,62.13
2000-06-30,62.75,1285000.0,64.06,63.25,62.52
2000-07-03,63.19,741800.0,66.13,65.19,62.88
2000-07-05,65.42,794200.0,67.63,66.56,65.38
2000-07-06,66.5,743667.0,68.25,68.19,65.5
2000-07-07,68.31,1092200.0,70.75,70.63,68.25
2000-07-10,69.94,962467.0,70.06,68.94,68.63
2000-07-11,69.5,734667.0,69.63,68.06,67.56
2000-07-12,68.13,632467.0,68.5,68.06,68.0
2000-07-13,68.25,635800.0,68.31,67.31,66.81
2000-07-14,67.19,980600.0,70.06,69.63,66.81
2000-07-17,46.75,677667.0,46.88,44.63,44.13
2000-07-18,44.44,1226700.0,44.44,43.31,42.88
2000-07-19,43.31,914100.0,44.13,43.19,43.0
2000-07-20,43.63,821000.0,44.88,44.25,43.59
2000-07-21,43.19,1131700.0,44.75,43.0,42.31
2000-07-24,42.56,791400.0,43.36,42.5,42.38
2000-07-25,42.81,450900.0,43.13,42.31,42.31
2000-07-26,42.25,1311100.0,42.44,41.25,41.19
2000-07-27,41.88,1253900.0,43.0,42.69,41.56
2000-07-28,42.69,1200800.0,43.13,42.38,42.0
2000-07-31,42.38,1167200.0,42.5,41.31,41.19
2000-08-01,41.56,483600.0,42.31,42.0,40.94
2000-08-02,41.97,433600.0,42.25,41.69,41.5
2000-08-03,41.69,897600.0,43.55,43.5,41.25
2000-08-04,43.63,870600.0,45.38,44.81,43.63
2000-08-07,44.75,585000.0,45.06,44.88,43.5
2000-08-08,44.78,620700.0,44.78,44.25,43.5
2000-08-09,44.06,527600.0,45.0,44.13,43.38
2000-08-10,44.13,753600.0,46.06,45.63,44.13
2000-08-11,45.44,803300.0,46.31,46.14,45.38
2000-08-14,46.06,571100.0,46.44,45.81,45.0
2000-08-15,45.63,771300.0,45.75,45.13,45.06
2000-08-16,45.06,605100.0,45.75,45.31,45.0
2000-08-17,44.63,540800.0,45.38,45.06,44.56
2000-08-18,44.75,703300.0,45.13,44.44,44.38
2000-08-21,44.5,912400.0,44.63,43.75,42.94
2000-08-22,43.69,747600.0,45.0,44.81,43.5
2000-08-23,44.25,1225900.0,44.63,44.44,43.75
2000-08-24,44.5,762800.0,44.98,44.63,44.44
2000-08-25,44.69,1037800.0,44.81,44.5,44.38
2000-08-28,44.5,850600.0,45.38,44.88,44.06
2000-08-29,44.56,640600.0,44.69,43.75,43.63
2000-08-30,43.63,709500.0,44.88,44.38,43.63
2000-08-31,44.38,1184700.0,46.44,46.19,44.38
2000-09-01,46.25,1004700.0,46.5,45.44,45.19
2000-09-05,45.63,751400.0,46.38,45.75,45.25
2000-09-06,45.81,1275100.0,47.5,47.13,45.75
2000-09-07,47.06,1224000.0,47.94,47.56,46.88
2000-09-08,47.56,2135900.0,49.0,48.75,47.44
2000-09-11,48.25,1534400.0,49.56,49.44,48.25
2000-09-12,49.38,1283300.0,49.75,49.38,49.13
2000-09-13,49.34,917000.0,49.69,48.88,48.81
2000-09-14,48.81,974300.0,49.56,48.69,48.44
2000-09-15,48.56,1970400.0,48.81,47.69,47.19
2000-09-18,47.88,1473300.0,47.91,46.38,46.06
2000-09-19,46.44,1224300.0,47.94,47.94,46.25
2000-09-20,47.5,1274400.0,47.94,47.56,46.13
2000-09-21,47.25,895700.0,47.63,47.56,46.94
2000-09-22,47.31,924500.0,48.63,48.5,47.25
2000-09-25,48.38,1289300.0,49.5,49.19,48.19
2000-09-26,49.41,2302600.0,50.81,50.56,49.0
2000-09-27,50.25,2682400.0,53.13,53.0,50.19
2000-09-28,53.0,3154800.0,54.75,53.19,52.94
2000-09-29,53.25,2105400.0,54.5,53.88,53.13
2000-10-02,53.94,2568100.0,57.31,57.25,53.31
2000-10-03,56.5,2055400.0,56.81,56.5,55.06
2000-10-04,56.0,1885300.0,57.56,57.0,55.88
2000-10-05,56.81,1607000.0,57.56,57.38,56.69
2000-10-06,57.06,1434600.0,57.88,55.94,55.5
2000-10-09,55.66,468500.0,55.88,54.81,54.38
2000-10-10,54.94,936600.0,55.0,52.83,51.88
2000-10-11,52.88,949500.0,53.13,52.31,51.0
2000-10-12,52.38,1461800.0,53.5,49.13,48.63
2000-10-13,49.06,1774200.0,52.88,52.81,48.81
2000-10-16,52.56,1121800.0,55.13,54.0,52.31
2000-10-17,54.0,887900.0,54.81,52.69,52.06
2000-10-18,52.44,1174700.0,52.63,52.0,50.38
2000-10-19,52.25,1776500.0,53.63,53.5,52.25
2000-10-20,53.13,1297800.0,53.44,52.06,52.0
2000-10-23,51.94,876200.0,52.19,51.06,50.88
2000-10-24,51.63,1938700.0,51.94,51.44,50.69
2000-10-25,51.38,1266800.0,51.38,51.38,50.88
2000-10-26,51.25,854900.0,51.72,50.94,49.69
2000-10-27,50.81,1281800.0,52.19,52.13,50.5
2000-10-30,51.81,1796000.0,52.25,52.0,51.06
2000-10-31,52.0,1179300.0,52.06,51.38,50.25
2000-11-01,51.44,1085500.0,51.5,51.44,50.81
2000-11-02,51.44,1046500.0,52.25,52.0,51.38
2000-11-03,51.88,1086000.0,52.31,51.94,51.75
2000-11-06,52.13,929300.0,52.5,51.81,51.38
2000-11-07,51.75,1152600.0,51.88,51.25,50.25
2000-11-08,51.0,1137500.0,51.13,49.94,49.56
2000-11-09,50.06,1575500.0,51.13,51.0,49.69
2000-11-10,51.0,665000.0,51.31,50.94,50.44
2000-11-13,50.84,1302800.0,51.0,49.63,49.19
2000-11-14,50.25,1747800.0,51.06,50.94,50.25
2000-11-15,50.78,1296900.0,50.88,50.69,49.63
2000-11-16,50.56,873000.0,51.0,50.19,50.06
2000-11-17,50.25,2023800.0,50.5,48.06,47.63
2000-11-20,43.88,8233900.0,47.38,46.38,43.31
2000-11-21,46.25,2657400.0,47.0,46.5,45.81
2000-11-22,46.5,2133400.0,47.06,46.94,45.38
2000-11-24,46.97,464600.0,47.19,47.06,46.94
2000-11-27,47.19,2716800.0,49.38,48.81,47.13
2000-11-28,48.63,2028000.0,49.88,49.81,48.13
2000-11-29,49.81,3631800.0,53.19,52.88,49.75
2000-11-30,52.75,3550000.0,54.0,53.63,51.88
2000-12-01,53.94,2695000.0,53.94,52.38,52.13
2000-12-04,52.0,2087000.0,53.31,53.0,51.75
2000-12-05,53.06,3605900.0,55.88,55.81,52.13
2000-12-06,55.56,6310000.0,58.63,55.25,55.25
2000-12-07,55.5,2829100.0,57.38,56.88,54.25
2000-12-08,57.0,2379000.0,58.06,56.19,55.94
2000-12-11,56.31,2121900.0,57.13,57.0,56.31
2000-12-12,56.81,1342700.0,57.25,57.0,56.13
2000-12-13,57.38,958100.0,57.63,56.13,56.13
2000-12-14,55.13,1790500.0,55.88,55.5,53.56
2000-12-15,55.0,2823500.0,55.38,54.0,54.0
2000-12-18,55.0,2365100.0,57.0,56.81,54.44
2000-12-19,56.81,2464000.0,58.75,56.13,55.94
2000-12-20,55.75,1561000.0,57.94,57.56,54.88
2000-12-21,57.56,3932300.0,59.19,59.13,56.69
2000-12-22,59.13,2924800.0,60.69,59.88,59.0
2000-12-26,60.0,1899900.0,60.62,60.44,59.25
2000-12-27,60.31,3139900.0,60.88,60.5,59.63
2000-12-28,60.56,1637100.0,60.88,60.25,59.75
2000-12-29,60.25,1581000.0,60.75,59.75,59.69
2001-01-02,59.19,1906500.0,59.31,57.23,56.89
2001-01-03,57.25,3815600.0,60.25,59.7,56.63
2001-01-04,59.81,4692800.0,61.31,59.81,59.25
2001-01-05,59.81,4087600.0,59.81,59.19,57.13
2001-01-08,58.59,2053600.0,58.75,57.94,57.63
2001-01-09,57.88,1777800.0,58.69,57.13,56.63
2001-01-10,56.81,1958100.0,57.88,56.94,55.5
2001-01-11,56.75,2997200.0,56.94,56.31,54.63
2001-01-12,56.38,1322000.0,56.38,55.13,54.0
2001-01-16,55.0,2951900.0,57.63,56.42,54.38
2001-01-17,56.75,2872300.0,58.25,57.56,56.63
2001-01-18,57.88,1874200.0,58.0,56.56,56.44
2001-01-19,57.13,1979100.0,57.25,54.88,54.63
2001-01-22,54.88,1814400.0,56.31,56.0,54.19
2001-01-23,56.19,1947300.0,57.75,57.13,56.13
2001-01-24,57.13,1149900.0,57.44,57.13,56.63
2001-01-25,57.38,1883500.0,58.44,56.38,56.13
2001-01-26,56.31,2480900.0,57.38,57.25,56.0
2001-01-29,57.5,1902100.0,58.75,57.69,56.75
2001-01-30,57.63,2874200.0,58.81,58.75,57.44
2001-01-31,58.69,2109100.0,59.38,59.25,58.25
2001-02-01,58.63,2173900.0,58.88,58.44,58.25
2001-02-02,58.5,1254500.0,58.94,58.31,58.13
2001-02-05,58.13,1075200.0,58.38,57.94,57.06
2001-02-06,57.94,900500.0,58.19,57.25,57.06
2001-02-07,57.31,1430200.0,58.63,58.5,57.0
2001-02-08,58.81,1051200.0,59.0,58.06,57.75
2001-02-09,58.13,1103800.0,58.19,57.69,57.06
2001-02-12,57.69,1749300.0,59.0,59.0,57.31
2001-02-13,58.88,1903800.0,59.5,59.13,58.63
2001-02-14,59.06,1595300.0,59.38,58.38,58.31
2001-02-15,58.5,1483200.0,58.56,57.75,57.13
2001-02-16,56.75,1861700.0,58.69,58.69,56.75
2001-02-20,58.31,1759800.0,58.44,57.69,56.69
2001-02-21,57.13,1479200.0,57.19,55.88,55.63
2001-02-22,56.25,2694000.0,56.44,54.31,53.69
2001-02-23,53.94,1775500.0,54.5,54.19,53.44
2001-02-26,54.47,2033000.0,54.88,54.56,53.88
2001-02-27,54.75,2249600.0,55.5,55.13,54.38
2001-02-28,55.38,1481000.0,55.63,53.81,53.63
2001-03-01,53.69,1980700.0,54.75,54.63,53.0
2001-03-02,53.97,1708100.0,55.69,55.13,53.88
2001-03-05,55.25,1074600.0,55.69,54.63,53.63
2001-03-06,55.25,1402100.0,55.63,54.31,54.13
2001-03-07,54.38,889900.0,55.5,55.38,54.13
2001-03-08,55.44,994900.0,56.0,55.88,54.63
2001-03-09,55.63,1359800.0,55.63,54.69,54.13
2001-03-12,54.19,2311700.0,54.25,51.94,51.63
2001-03-13,52.13,1844300.0,54.0,53.88,51.38
2001-03-14,52.5,1695200.0,52.88,51.75,51.0
2001-03-15,52.13,1439100.0,53.13,53.06,51.94
2001-03-16,50.88,2920900.0,53.25,52.94,50.75
2001-03-19,52.44,1599700.0,52.69,52.31,51.0
2001-03-20,52.25,1660600.0,52.44,50.13,49.88
2001-03-21,48.94,4459500.0,48.94,47.88,47.38
2001-03-22,47.81,3730000.0,47.94,47.19,45.69
2001-03-23,47.25,3015500.0,50.0,49.56,47.19
2001-03-26,50.25,1317500.0,50.88,50.25,49.69
2001-03-27,50.25,2335100.0,52.63,52.31,49.38
2001-03-28,50.47,1959500.0,53.25,52.63,50.44
2001-03-29,52.34,1453300.0,52.38,51.94,51.38
2001-03-30,52.25,2429600.0,53.69,53.44,51.75
2001-04-02,53.13,1628000.0,54.69,53.63,52.56
2001-04-03,52.88,1318800.0,53.38,52.06,51.5
2001-04-04,51.81,1711700.0,51.88,50.56,49.69
2001-04-05,51.38,2297700.0,51.44,50.81,50.31
2001-04-06,50.25,2941500.0,51.69,50.06,48.88
2001-04-09,50.28,1244100.0,51.05,50.6,50.05
2001-04-10,51.23,1557600.0,51.81,51.56,50.9
2001-04-11,51.59,2566200.0,52.49,51.38,51.35
2001-04-12,51.34,1166500.0,51.74,51.54,50.99
2001-04-16,51.11,2046700.0,52.22,51.03,49.9
2001-04-17,50.35,2634000.0,51.0,51.0,49.73
2001-04-18,51.14,2888300.0,53.0,52.55,50.75
2001-04-19,52.5,1842100.0,53.49,53.33,51.8
2001-04-20,52.76,2410200.0,53.4,52.99,52.7
2001-04-23,52.71,1305400.0,53.0,51.76,51.72
2001-04-24,51.85,1394100.0,52.32,52.2,51.75
2001-04-25,52.19,1241300.0,52.31,52.17,51.0
2001-04-26,52.17,1592400.0,52.72,52.48,51.86
2001-04-27,52.54,1603900.0,53.96,53.92,52.5
2001-04-30,53.94,1866300.0,54.41,53.76,53.3
2001-05-01,53.25,1302000.0,54.0,53.9,53.06
2001-05-02,53.84,1054900.0,54.11,53.95,53.3
2001-05-03,53.89,1166300.0,53.89,53.67,52.78
2001-05-04,53.18,1411000.0,54.2,54.12,52.76
2001-05-07,54.0,754100.0,54.21,53.54,53.4
2001-05-08,53.62,803400.0,53.82,53.65,53.14
2001-05-09,53.48,1591000.0,53.9,53.81,53.25
2001-05-10,54.11,1547200.0,54.79,54.74,54.1
2001-05-11,54.58,2098800.0,55.05,54.64,54.36
2001-05-14,54.74,2150200.0,56.05,56.01,54.57
2001-05-15,56.0,2660200.0,56.61,56.48,55.58
2001-05-16,56.26,2042700.0,58.34,58.24,56.07
2001-05-17,58.29,2202800.0,58.6,57.63,57.54
2001-05-18,57.37,1612100.0,58.15,57.79,57.37
2001-05-21,57.64,1209000.0,57.95,57.92,57.07
2001-05-22,57.7,1503400.0,59.23,58.63,57.65
2001-05-23,58.56,1109400.0,58.94,58.84,58.05
2001-05-24,58.87,944600.0,59.18,58.75,58.58
2001-05-25,58.75,946700.0,58.92,58.6,58.48
2001-05-29,58.6,1328200.0,58.95,58.78,58.42
2001-05-30,58.7,1752300.0,59.15,58.6,58.42
2001-05-31,58.79,1630800.0,58.97,58.87,58.36
2001-06-01,58.86,2099300.0,59.55,59.46,58.25
2001-06-04,59.57,3170400.0,60.6,60.58,59.57
2001-06-05,60.37,2507500.0,61.11,60.98,60.0
2001-06-06,60.92,1470000.0,60.92,60.29,59.51
2001-06-07,60.24,866900.0,60.26,60.22,59.55
2001-06-08,60.01,837800.0,60.05,59.93,59.51
2001-06-11,59.91,1327800.0,60.3,59.6,59.5
2001-06-12,59.34,1490700.0,59.7,59.59,58.7
2001-06-13,59.65,999900.0,60.21,59.78,59.31
2001-06-14,59.35,1183200.0,59.85,59.4,58.95
2001-06-15,59.29,3962400.0,59.66,59.45,58.98
2001-06-18,59.48,1294100.0,59.95,59.03,59.0
2001-06-19,59.27,1443900.0,59.97,59.44,59.16
2001-06-20,59.55,1675900.0,60.81,60.24,59.45
2001-06-21,60.05,5609000.0,63.0,62.65,60.01
2001-06-22,62.47,2249600.0,62.62,61.97,61.45
2001-06-25,62.07,1605400.0,62.42,61.75,61.16
2001-06-26,61.18,1228400.0,62.32,61.79,60.98
2001-06-27,61.85,1605300.0,62.92,61.5,61.39
2001-06-28,62.0,1517400.0,62.4,61.61,61.46
2001-06-29,61.67,2568000.0,61.67,60.05,60.0
2001-07-02,60.25,1511100.0,61.17,61.17,60.16
2001-07-03,61.2,589500.0,61.56,61.12,60.67
2001-07-05,60.86,589800.0,61.55,61.21,60.76
2001-07-06,60.85,998400.0,61.1,60.09,59.9
2001-07-09,60.17,810000.0,60.67,60.34,59.6
2001-07-10,60.32,1332900.0,60.33,59.17,59.15
2001-07-11,59.11,1492000.0,60.3,59.61,58.77
2001-07-12,59.67,1234600.0,61.35,61.35,59.65
2001-07-13,61.11,1874400.0,63.2,62.84,61.0
2001-07-16,62.84,3384100.0,63.39,60.42,60.3
2001-07-17,60.4,2721800.0,62.8,62.78,60.27
2001-07-18,62.07,1514900.0,62.75,62.74,61.58
2001-07-19,62.87,1706700.0,63.27,62.74,61.65
2001-07-20,62.05,1578600.0,62.69,62.6,62.0
2001-07-23,62.6,1370200.0,63.29,62.53,62.37
2001-07-24,62.52,1672900.0,62.91,61.14,60.98
2001-07-25,61.13,1015200.0,61.54,61.36,60.53
2001-07-26,61.29,798600.0,62.17,62.09,61.1
2001-07-27,61.71,861900.0,62.27,62.22,61.57
2001-07-30,62.29,597400.0,62.45,62.12,61.25
2001-07-31,62.25,2470000.0,63.95,63.02,62.04
2001-08-01,63.09,958300.0,63.84,63.06,62.8
2001-08-02,63.57,809100.0,63.62,63.55,62.87
2001-08-03,63.4,589600.0,63.45,63.35,62.65
2001-08-06,63.19,739900.0,63.2,62.56,62.38
2001-08-07,62.66,1578600.0,63.7,63.14,62.35
2001-08-08,62.88,1126900.0,64.11,62.96,62.79
2001-08-09,62.99,1451000.0,63.66,63.12,62.65
2001-08-10,63.15,1472600.0,63.43,62.9,62.65
2001-08-13,62.85,1348800.0,64.12,63.93,62.81
2001-08-14,63.9,1403800.0,64.74,63.73,63.61
2001-08-15,63.89,1567000.0,64.77,64.3,63.89
2001-08-16,64.21,1339200.0,64.39,64.36,63.86
2001-08-17,64.26,1665100.0,64.3,63.59,63.42
2001-08-20,63.5,699400.0,64.15,63.96,63.4
2001-08-21,63.89,1378400.0,64.09,63.45,63.23
2001-08-22,63.83,1373000.0,64.44,64.43,63.17
2001-08-23,64.49,1931600.0,64.58,62.86,62.57
2001-08-24,62.9,2016200.0,63.09,61.13,61.01
2001-08-27,61.04,2922100.0,61.05,59.2,58.69
2001-08-28,59.25,2034000.0,60.34,59.3,59.24
2001-08-29,59.57,1686400.0,59.74,58.21,57.94
2001-08-30,58.35,1777300.0,59.09,58.11,57.84
2001-08-31,57.95,1774300.0,59.5,58.3,57.93
2001-09-04,58.47,1409500.0,58.8,57.6,56.89
2001-09-05,57.21,1832300.0,57.45,57.36,56.06
2001-09-06,57.23,1493700.0,57.35,55.92,55.73
2001-09-07,55.03,3855300.0,56.27,54.8,53.7
2001-09-10,54.47,2256700.0,55.26,54.86,53.69
2001-09-17,52.68,3349500.0,54.9,53.5,52.02
2001-09-18,53.4,2651900.0,56.24,55.58,53.31
2001-09-19,56.9,2831900.0,56.9,55.61,53.8
2001-09-20,55.45,3174100.0,55.45,54.25,54.01
2001-09-21,55.54,4299300.0,55.54,53.84,50.69
2001-09-24,54.75,3145300.0,56.7,56.51,54.73
2001-09-25,56.85,3394100.0,57.83,57.48,56.76
2001-09-26,57.85,3006100.0,59.35,58.67,57.76
2001-09-27,59.11,2923000.0,59.91,59.63,59.0
2001-09-28,59.85,3403900.0,61.59,61.48,59.74
2001-10-01,60.97,2172700.0,61.74,61.7,59.89
2001-10-02,61.81,2428200.0,62.83,62.81,61.17
2001-10-03,63.07,3372600.0,63.07,62.23,60.95
2001-10-04,62.66,3504600.0,62.66,59.92,59.58
2001-10-05,60.15,2849200.0,60.15,57.75,57.34
2001-10-08,57.31,4602400.0,57.31,54.54,54.18
2001-10-09,55.04,4573200.0,56.24,56.05,54.34
2001-10-10,55.65,2298300.0,57.4,57.03,55.3
2001-10-11,57.06,1961000.0,57.74,56.15,55.89
2001-10-12,55.89,2869500.0,55.9,55.68,54.0
2001-10-15,55.64,2065800.0,55.95,55.93,54.62
2001-10-16,56.46,5189300.0,56.78,54.92,53.7
2001-10-17,54.94,6150000.0,55.1,53.69,53.6
2001-10-18,53.94,2151100.0,54.92,54.45,53.3
2001-10-19,54.8,2191300.0,55.03,54.71,53.62
2001-10-22,54.35,2186000.0,56.67,56.56,54.28
2001-10-23,57.59,2684700.0,57.59,56.19,55.75
2001-10-24,56.54,1875700.0,56.54,56.23,55.48
2001-10-25,55.95,1410700.0,57.09,56.84,54.76
2001-10-26,57.1,1734500.0,58.3,57.8,56.25
2001-10-29,57.38,1407300.0,57.49,56.58,55.78
2001-10-30,57.23,1727800.0,57.23,56.79,55.49
2001-10-31,56.7,1206100.0,57.5,56.42,56.28
2001-11-01,56.12,1682700.0,57.71,57.67,55.7
2001-11-02,57.35,942000.0,57.78,57.24,56.9
2001-11-05,57.65,1995100.0,59.9,59.37,57.5
2001-11-06,59.07,1700400.0,60.24,60.19,58.84
2001-11-07,60.35,2301600.0,60.35,59.28,59.18
2001-11-08,59.77,3149400.0,60.62,60.12,59.28
2001-11-09,59.71,1273300.0,60.62,60.22,59.52
2001-11-12,60.29,1137200.0,60.59,60.27,59.3
2001-11-13,60.32,996700.0,61.03,60.87,60.03
2001-11-14,60.69,1191400.0,61.01,60.57,60.15
2001-11-15,60.38,1404800.0,61.4,60.6,60.1
2001-11-16,60.64,1233000.0,61.12,60.0,59.45
2001-11-19,60.37,1666400.0,60.96,60.0,59.69
2001-11-20,59.85,774500.0,60.22,59.83,59.3
2001-11-21,60.12,656300.0,60.12,59.36,59.18
2001-11-23,60.22,539000.0,60.22,60.0,59.39
2001-11-26,60.2,1394000.0,60.6,60.6,59.83
2001-11-27,60.26,1392900.0,60.34,59.55,59.36
2001-11-28,59.81,1220900.0,59.81,59.32,58.95
2001-11-29,59.44,1201900.0,60.37,60.36,59.16
2001-11-30,60.36,2137600.0,60.44,60.09,59.89
2001-12-03,59.84,1530300.0,59.84,59.26,58.83
2001-12-04,59.75,1728800.0,60.33,60.19,59.35
2001-12-05,60.76,3013000.0,61.1,60.43,60.42
2001-12-06,60.73,1828900.0,60.73,60.2,60.03
2001-12-07,60.26,1367200.0,60.26,60.09,59.35
2001-12-10,59.92,885400.0,60.11,59.45,59.33
2001-12-11,59.81,1163600.0,59.94,59.55,59.14
2001-12-12,59.6,1257400.0,60.0,59.72,59.35
2001-12-13,59.46,1147900.0,59.62,58.78,58.6
2001-12-14,58.64,1444600.0,58.87,58.56,58.2
2001-12-17,58.38,1409600.0,59.26,58.96,58.18
2001-12-18,59.02,1545900.0,60.0,59.99,58.62
2001-12-19,59.89,1506800.0,60.97,60.43,59.66
2001-12-20,60.38,2195500.0,61.67,61.24,60.28
2001-12-21,61.0,4437700.0,62.8,62.43,60.92
2001-12-24,62.35,614400.0,62.54,62.0,61.84
2001-12-26,62.0,996700.0,62.92,62.38,61.91
2001-12-27,62.29,863400.0,62.3,61.77,61.36
2001-12-28,61.81,1341400.0,62.06,61.97,61.18
2001-12-31,61.91,1474100.0,62.0,61.33,61.33
2002-01-02,61.16,1389300.0,61.32,61.32,60.38
2002-01-03,61.89,1176100.0,61.89,61.49,61.05
2002-01-04,61.39,1524200.0,62.0,61.99,61.23
2002-01-07,61.8,951800.0,62.25,62.04,61.61
2002-01-08,62.07,843100.0,62.07,61.72,61.3
2002-01-09,61.73,1630400.0,61.9,60.98,60.63
2002-01-10,60.82,1173700.0,61.2,61.08,60.39
2002-01-11,61.22,871600.0,61.36,60.66,60.45
2002-01-14,60.66,1275200.0,60.89,60.12,60.1
2002-01-15,60.75,2152400.0,62.08,61.95,60.64
2002-01-16,61.74,1596400.0,62.31,61.71,61.08
2002-01-17,61.85,1127200.0,62.19,62.14,61.73
2002-01-18,61.45,1737100.0,62.8,62.22,61.42
2002-01-22,62.36,1065300.0,62.79,62.4,62.18
2002-01-23,62.83,1778300.0,62.83,62.46,62.15
2002-01-24,62.32,2840600.0,63.86,62.81,62.1
2002-01-25,62.8,1580300.0,63.65,63.34,62.52
2002-01-28,63.45,736000.0,63.5,62.91,62.48
2002-01-29,63.22,2311400.0,63.42,61.38,60.81
2002-01-30,61.39,2365000.0,62.84,62.76,60.37
2002-01-31,62.65,2124400.0,63.26,63.25,62.01
2002-02-01,63.95,2084200.0,63.95,63.45,62.8
2002-02-04,63.43,1613400.0,63.75,62.01,61.7
2002-02-05,61.95,1628800.0,62.51,62.05,61.42
2002-02-06,62.04,1330400.0,62.16,61.44,60.92
2002-02-07,61.69,1541300.0,62.45,61.16,61.03
2002-02-08,61.16,1633100.0,62.25,62.13,60.93
2002-02-11,62.33,1864200.0,62.36,62.17,61.56
2002-02-12,61.46,1363300.0,62.55,62.37,61.45
2002-02-13,62.34,1125600.0,63.18,63.16,62.24
2002-02-14,63.11,1203200.0,63.62,63.5,62.69
2002-02-15,63.49,2399900.0,63.49,62.8,62.25
2002-02-19,62.67,1616600.0,62.75,61.31,60.75
2002-02-20,61.76,1795600.0,61.76,61.28,60.32
2002-02-21,61.45,1547500.0,62.14,61.17,61.09
2002-02-22,61.04,1576400.0,61.7,61.34,60.69
2002-02-25,61.61,1629300.0,62.99,62.81,61.42
2002-02-26,63.03,2745600.0,64.1,63.36,62.81
2002-02-27,63.8,1808700.0,64.5,63.51,63.09
2002-02-28,63.8,1811200.0,64.43,63.76,63.6
2002-03-01,63.75,1836400.0,65.13,65.03,63.56
2002-03-04,64.91,2454000.0,66.43,66.33,64.9
2002-03-05,66.07,3131900.0,67.74,66.82,66.04
2002-03-06,66.89,2429600.0,67.76,67.65,66.5
2002-03-07,67.52,2555500.0,68.08,66.82,65.83
2002-03-08,66.82,2050800.0,67.24,66.49,66.17
2002-03-11,66.44,1608800.0,67.9,67.58,66.09
2002-03-12,67.07,1459300.0,68.02,68.0,66.57
2002-03-13,67.92,1600200.0,67.97,67.9,67.3
2002-03-14,68.01,1495100.0,68.01,67.97,67.23
2002-03-15,68.32,3527000.0,69.69,69.13,68.12
2002-03-18,68.62,1784100.0,69.3,68.76,68.61
2002-03-19,69.03,1473800.0,69.62,69.4,68.97
2002-03-20,69.1,1904700.0,69.44,68.85,68.37
2002-03-21,68.74,1760100.0,68.74,68.05,67.71
2002-03-22,68.03,1068100.0,68.76,68.06,67.53
2002-03-25,68.06,1399900.0,68.14,67.44,67.28
2002-03-26,67.28,2147000.0,68.11,67.42,67.06
2002-03-27,67.25,2265000.0,68.63,68.07,67.04
2002-03-28,67.39,1655400.0,68.45,67.48,66.86
2002-04-01,67.0,1854600.0,67.0,66.9,66.31
2002-04-02,66.85,1499300.0,67.32,67.01,66.35
2002-04-03,67.0,1937800.0,67.08,66.13,65.72
2002-04-04,66.1,1691900.0,66.65,66.27,65.85
2002-04-05,66.85,1113500.0,66.97,66.75,66.5
2002-04-08,65.45,1262600.0,67.1,66.86,65.3
2002-04-09,66.64,1874500.0,68.05,67.78,66.55
2002-04-10,67.81,2227900.0,69.3,69.21,67.56
2002-04-11,69.18,2285800.0,69.35,68.71,68.37
2002-04-12,68.96,2445900.0,69.37,69.35,68.49
2002-04-15,69.49,1386900.0,69.7,68.65,68.45
2002-04-16,69.17,1976400.0,69.25,68.63,68.35
2002-04-17,68.61,2040400.0,69.04,68.9,67.63
2002-04-18,68.89,1586000.0,69.44,68.56,67.87
2002-04-19,68.82,1498000.0,68.88,68.45,67.3
2002-04-22,68.29,1243000.0,68.87,68.01,67.95
2002-04-23,68.11,3074000.0,68.77,67.8,67.49
2002-04-24,67.9,2544800.0,69.06,68.47,67.89
2002-04-25,68.35,2923500.0,68.65,67.96,67.36
2002-04-26,68.01,1243900.0,68.59,67.58,67.55
2002-04-29,67.5,1652000.0,68.05,67.58,67.13
2002-04-30,67.49,1938600.0,68.79,68.59,67.2
2002-05-01,68.3,1760700.0,68.98,68.6,67.85
2002-05-02,68.74,1543900.0,69.18,68.97,68.52
2002-05-03,69.0,1771600.0,69.09,68.94,68.19
2002-05-06,68.59,1287600.0,69.27,67.65,67.52
2002-05-07,67.73,1109800.0,68.35,67.65,67.5
2002-05-08,67.77,1401900.0,68.37,68.21,67.71
2002-05-09,68.15,1186500.0,68.15,67.02,67.01
2002-05-10,67.55,1581200.0,67.55,66.23,66.19
2002-05-13,66.43,1373800.0,67.2,67.1,66.18
2002-05-14,67.9,1337400.0,67.9,67.8,67.03
2002-05-15,67.79,1614400.0,68.3,67.68,67.33
2002-05-16,67.77,1502400.0,67.94,67.63,67.36
2002-05-17,67.4,1949000.0,67.84,67.42,67.35
2002-05-20,67.07,3157100.0,67.26,65.49,65.18
2002-05-21,65.67,2109600.0,66.39,65.86,65.56
2002-05-22,65.85,1444000.0,66.34,66.16,65.31
2002-05-23,66.25,1701600.0,66.62,66.03,65.31
2002-05-24,65.8,1145800.0,66.28,65.59,65.52
2002-05-28,65.62,1348800.0,65.64,64.88,64.43
2002-05-29,64.79,1242700.0,65.3,64.7,63.88
2002-05-30,64.3,2909300.0,65.16,65.0,64.16
2002-05-31,65.01,2912000.0,65.23,65.17,64.75
2002-06-03,65.17,1919700.0,65.36,64.16,64.15
2002-06-04,64.3,2585400.0,64.41,63.96,63.18
2002-06-05,64.15,1407600.0,64.93,64.7,64.01
2002-06-06,64.93,1859200.0,64.95,63.57,63.22
2002-06-07,63.4,2226000.0,64.13,64.13,63.14
2002-06-10,64.24,1367400.0,64.63,64.18,63.95
2002-06-11,64.4,2188000.0,65.21,63.81,63.79
2002-06-12,64.11,2331500.0,64.18,63.66,63.26
2002-06-13,63.3,2064600.0,63.73,63.02,62.81
2002-06-14,62.82,1808200.0,64.1,63.66,62.45
2002-06-17,63.75,2217300.0,66.15,66.09,63.69
2002-06-18,66.0,1681100.0,66.62,66.47,65.5
2002-06-19,66.1,2091200.0,66.24,65.33,65.31
2002-06-20,65.24,2376500.0,65.9,64.92,64.88
2002-06-21,64.1,3402600.0,65.08,64.87,64.1
2002-06-24,64.58,2157100.0,65.0,64.49,63.55
2002-06-25,65.34,2291400.0,65.45,64.9,64.43
2002-06-26,63.65,3416700.0,64.92,64.44,63.5
2002-06-27,64.65,2931700.0,66.19,66.0,64.6
2002-06-28,65.96,3648600.0,67.21,66.65,65.94
2002-07-01,66.72,2168400.0,67.15,66.55,66.2
2002-07-02,66.78,3294500.0,67.07,65.84,65.65
2002-07-03,65.45,2449800.0,66.11,65.54,64.75
2002-07-05,65.64,1044700.0,67.33,67.27,65.25
2002-07-08,67.19,2396800.0,68.26,68.09,67.1
2002-07-09,68.35,2581500.0,68.54,66.76,66.63
2002-07-10,67.2,2949400.0,67.54,66.42,66.3
2002-07-11,66.2,3670400.0,67.15,65.49,64.95
2002-07-12,65.84,3738700.0,66.0,63.63,62.79
2002-07-15,63.21,3415800.0,63.21,62.71,59.3
2002-07-16,62.34,3954000.0,64.63,64.12,62.2
2002-07-17,64.33,3460900.0,65.64,65.25,63.89
2002-07-18,64.9,5102700.0,65.14,62.12,62.06
2002-07-19,61.69,5940600.0,61.9,60.09,59.95
2002-07-22,60.15,5594200.0,62.33,60.88,59.49
2002-07-23,60.9,5723700.0,61.3,58.68,57.7
2002-07-24,58.35,6442500.0,62.78,62.24,55.26
2002-07-25,62.0,5112600.0,63.0,62.1,59.0
2002-07-26,62.0,2679400.0,62.92,62.87,61.15
2002-07-29,63.41,3528700.0,65.85,65.79,63.23
2002-07-30,65.51,3319000.0,65.57,64.56,63.81
2002-07-31,64.46,3256100.0,66.14,66.07,64.25
2002-08-01,66.0,2801700.0,66.01,64.26,63.72
2002-08-02,64.49,3388600.0,64.71,62.9,61.9
2002-08-05,62.89,3306000.0,62.9,60.87,60.67
2002-08-06,61.21,3093000.0,64.18,62.98,61.17
2002-08-07,63.85,2478600.0,64.4,64.14,62.92
2002-08-08,64.2,5012700.0,65.74,65.65,63.61
2002-08-09,65.44,2722600.0,66.14,65.76,64.3
2002-08-12,64.8,1906200.0,65.6,65.18,64.09
2002-08-13,64.73,2263100.0,65.58,63.7,63.56
2002-08-14,63.69,2803000.0,66.19,66.12,62.9
2002-08-15,65.98,2883700.0,66.57,66.52,65.38
2002-08-16,65.67,3607000.0,67.64,66.93,65.66
2002-08-19,66.86,1538500.0,67.74,67.73,66.85
2002-08-20,67.43,1966200.0,67.48,66.77,66.25
2002-08-21,66.77,1824900.0,67.59,67.04,65.94
2002-08-22,67.05,1239700.0,67.57,67.46,66.54
2002-08-23,66.99,1718300.0,67.2,65.72,65.24
2002-08-26,66.18,1841900.0,67.4,67.31,65.89
2002-08-27,67.4,2110700.0,68.09,67.04,66.56
2002-08-28,66.79,1919300.0,66.99,66.04,65.57
2002-08-29,65.55,2765100.0,67.19,66.65,64.5
2002-08-30,66.71,1897200.0,67.91,67.02,66.29
2002-09-03,66.49,2250700.0,66.5,64.75,64.47
2002-09-04,64.88,2230300.0,65.7,65.65,64.0
2002-09-05,65.48,3187400.0,66.89,66.85,64.48
2002-09-06,66.92,2545100.0,67.8,66.64,66.36
2002-09-09,66.63,1898200.0,67.59,67.14,65.89
2002-09-10,67.0,4293100.0,67.01,65.69,65.04
2002-09-11,65.7,5205400.0,65.95,63.06,62.76
2002-09-12,62.89,5400000.0,63.17,61.39,61.11
2002-09-13,61.1,4647300.0,62.15,61.89,60.25
2002-09-16,61.82,2759300.0,62.45,62.42,61.21
2002-09-17,62.75,3440100.0,63.77,62.86,62.5
2002-09-18,61.99,2804500.0,63.06,62.37,61.51
2002-09-19,61.96,2812200.0,62.65,61.0,60.9
2002-09-20,61.5,4619600.0,61.9,61.53,60.97
2002-09-23,61.46,2846800.0,61.66,61.3,59.93
2002-09-24,60.55,2763300.0,61.85,60.11,59.95
2002-09-25,60.3,2470700.0,62.25,61.76,59.88
2002-09-26,61.9,2309400.0,63.0,62.82,61.69
2002-09-27,62.54,2474600.0,63.48,61.92,61.68
2002-09-30,61.44,3786400.0,61.95,61.23,60.63
2002-10-01,61.16,3782300.0,64.15,64.1,60.9
2002-10-02,63.74,4826300.0,63.75,61.7,61.25
2002-10-03,61.08,6535800.0,61.28,59.1,58.79
2002-10-04,58.6,6768900.0,59.43,57.47,55.79
2002-10-07,56.67,6097200.0,58.44,55.86,55.42
2002-10-08,56.21,5072700.0,59.91,57.98,56.2
2002-10-09,57.79,3788700.0,57.98,56.66,56.45
2002-10-10,56.57,3521800.0,59.55,58.99,56.52
2002-10-11,59.17,3584500.0,62.36,61.43,59.16
2002-10-14,61.21,2289500.0,62.95,62.25,60.73
2002-10-15,63.83,5457300.0,65.15,64.99,63.83
2002-10-16,63.95,2838100.0,65.0,64.32,63.71
2002-10-17,65.3,2596400.0,66.47,65.83,64.93
2002-10-18,65.41,2115400.0,66.39,65.73,64.95
2002-10-21,65.53,1809400.0,66.25,66.08,64.62
2002-10-22,65.67,1869900.0,65.67,64.97,64.63
2002-10-23,64.88,2132500.0,65.49,65.31,63.67
2002-10-24,65.59,2108500.0,65.99,63.97,63.62
2002-10-25,63.76,1627800.0,65.95,65.72,63.23
2002-10-28,65.93,2099300.0,66.2,64.45,63.98
2002-10-29,64.25,2233100.0,64.43,63.45,62.62
2002-10-30,63.45,1398600.0,63.45,63.45,63.45
2002-10-31,64.23,2207300.0,65.1,63.5,63.09
2002-11-01,63.47,2055800.0,65.59,65.58,62.7
2002-11-04,66.0,2605800.0,66.25,63.6,63.47
2002-11-05,63.49,2164400.0,64.75,64.45,63.4
2002-11-06,65.2,2450200.0,65.26,63.4,62.51
2002-11-07,63.04,2642400.0,63.09,61.76,61.3
2002-11-08,61.8,4013800.0,61.9,60.6,59.78
2002-11-11,60.66,1545600.0,61.24,60.06,59.9
2002-11-12,60.06,1470100.0,60.06,60.06,60.06
2002-11-13,60.7,2834000.0,62.22,61.1,59.72
2002-11-14,61.63,1632900.0,62.62,62.53,61.63
2002-11-15,57.4,19555900.0,59.24,57.42,55.4
2002-11-18,57.71,3804200.0,58.39,56.72,56.62
2002-11-19,56.68,3647200.0,58.29,57.47,56.57
2002-11-20,57.48,3034300.0,58.05,57.65,57.1
2002-11-21,57.76,2741400.0,58.75,58.16,57.76
2002-11-22,58.17,2609500.0,58.25,57.13,57.12
2002-11-25,57.2,1893000.0,58.02,57.73,56.93
2002-11-26,57.08,1842100.0,57.33,56.3,56.3
2002-11-27,56.55,2094800.0,57.3,56.79,56.55
2002-11-29,56.97,1128700.0,57.09,56.0,55.56
2002-12-02,57.84,2856100.0,58.44,57.79,57.3
2002-12-03,57.5,2300100.0,57.5,56.5,56.5
2002-12-04,56.34,2192700.0,58.55,57.9,56.27
2002-12-05,57.95,1568500.0,58.64,57.34,56.93
2002-12-06,56.91,1881900.0,58.71,58.29,56.75
2002-12-09,58.19,1749200.0,58.31,57.2,57.09
2002-12-10,57.61,3285800.0,59.71,59.7,57.6
2002-12-11,59.81,3806900.0,61.34,60.45,59.73
2002-12-12,61.0,2000000.0,61.15,59.7,59.58
2002-12-13,59.36,1575500.0,59.9,59.61,58.81
2002-12-16,59.4,2521500.0,60.44,59.86,59.32
2002-12-17,59.55,2739500.0,59.68,59.19,58.76
2002-12-18,59.1,2614100.0,59.18,58.4,57.65
2002-12-19,58.0,2353500.0,59.31,58.17,57.7
2002-12-20,58.27,3536000.0,58.96,58.49,57.1
2002-12-23,58.23,1645800.0,59.06,58.99,57.75
2002-12-24,58.9,613200.0,59.18,58.93,58.69
2002-12-26,58.9,1055900.0,60.06,59.41,58.9
2002-12-27,58.98,1114600.0,59.43,58.43,58.42
2002-12-30,58.56,1368000.0,59.02,58.76,58.04
2002-12-31,58.76,1347300.0,58.97,58.55,57.74
2003-01-02,58.72,2109300.0,60.46,60.45,58.7
2003-01-03,60.28,1363700.0,60.46,60.18,36.05
2003-01-06,60.16,1947600.0,61.85,61.71,60.05
2003-01-07,61.5,1693200.0,61.95,61.03,61.01
2003-01-08,61.18,1653100.0,61.53,60.88,60.42
2003-01-09,61.0,1496300.0,62.09,61.79,60.99
2003-01-10,61.3,1721800.0,61.92,60.83,60.65
2003-01-13,61.07,1649400.0,62.15,61.09,60.92
2003-01-14,60.59,1163600.0,61.94,61.81,60.56
2003-01-15,58.85,5723900.0,59.75,59.42,58.25
2003-01-16,59.11,3851300.0,59.47,57.86,57.62
2003-01-17,57.8,1775300.0,58.41,58.16,57.31
2003-01-21,58.0,1845300.0,58.4,57.1,57.07
2003-01-22,56.84,2869500.0,57.01,56.49,55.96
2003-01-23,56.75,2128000.0,57.08,56.62,56.16
2003-01-24,56.45,1952900.0,56.56,55.52,55.4
2003-01-27,55.3,2418100.0,56.45,54.52,54.3
2003-01-28,54.79,2035900.0,55.57,55.28,54.42
2003-01-29,54.79,1864200.0,55.57,55.28,54.42
2003-01-30,54.89,2384600.0,55.23,53.85,53.85
2003-01-31,53.25,4186900.0,54.35,53.35,53.14
2003-02-03,53.05,6904300.0,53.25,52.21,51.62
2003-02-04,52.09,3793800.0,52.64,52.43,51.42
2003-02-05,52.46,2513800.0,53.0,52.08,51.72
2003-02-06,51.94,2416500.0,53.15,52.76,51.91
2003-02-07,52.79,2048800.0,53.33,52.6,52.15
2003-02-10,52.61,1767300.0,53.1,52.94,52.16
2003-02-11,53.11,1972500.0,53.36,52.5,52.3
2003-02-12,52.33,1738200.0,52.89,52.3,52.09
2003-02-13,52.14,1542500.0,52.83,52.58,51.69
2003-02-14,52.36,1582400.0,53.68,53.44,52.2
2003-02-18,53.78,1408900.0,54.09,53.72,53.58
2003-02-19,53.59,1144700.0,53.77,53.56,53.07
2003-02-20,53.71,1299200.0,54.0,53.4,53.13
2003-02-21,53.86,2257700.0,54.79,54.53,53.1
2003-02-24,54.2,1835900.0,54.32,53.67,53.64
2003-02-25,53.4,1808400.0,53.7,53.53,52.61
2003-02-26,53.48,1477700.0,53.5,52.54,52.4
2003-02-27,52.91,3668500.0,53.49,53.39,52.39
2003-02-28,53.39,3470500.0,53.77,53.11,52.84
2003-03-03,53.4,1812000.0,53.97,52.92,52.64
2003-03-04,52.85,1776700.0,53.18,52.9,52.61
2003-03-05,52.62,3199200.0,53.15,52.53,52.17
2003-03-06,52.34,2760800.0,52.53,50.95,50.85
2003-03-07,50.35,3810100.0,52.1,51.97,50.34
2003-03-10,51.51,1839300.0,51.64,50.7,50.48
2003-03-11,50.49,2572300.0,51.31,50.71,50.4
2003-03-12,50.05,7580200.0,50.09,48.63,47.05
2003-03-13,48.85,3490200.0,50.0,49.8,48.75
2003-03-14,50.04,2907300.0,50.65,50.18,49.34
2003-03-17,49.9,3134400.0,51.71,51.6,49.78
2003-03-18,51.8,2364200.0,52.24,51.9,51.22
2003-03-19,51.75,3072800.0,53.45,53.39,51.57
2003-03-20,53.12,3249600.0,53.37,53.05,52.13
2003-03-21,53.67,2674200.0,54.62,54.33,52.53
2003-03-24,53.18,2596300.0,53.77,51.94,51.93
2003-03-25,52.32,2831500.0,52.69,52.59,51.75
2003-03-26,52.01,1939600.0,52.44,51.8,51.63
2003-03-27,51.35,6366500.0,54.5,53.07,51.09
2003-03-28,52.44,3699400.0,52.83,51.46,51.26
2003-03-31,51.0,3202000.0,51.01,50.23,50.1
2003-04-01,50.42,3904800.0,50.5,49.919,49.36
2003-04-02,50.25,2923000.0,50.91,50.341,49.93
2003-04-03,50.33,2554000.0,50.47,49.05,49.05
2003-04-04,49.3,2115700.0,49.8,49.64,49.08
2003-04-07,50.84,2310900.0,51.2,49.4,49.04
2003-04-08,49.2,2995000.0,49.53,49.01,48.77
2003-04-09,49.44,3350400.0,49.5,47.791,47.75
2003-04-10,48.24,2941200.0,48.98,48.61,48.09
2003-04-11,49.16,2146500.0,49.6,48.67,48.571
2003-04-14,49.02,2438600.0,50.0,49.94,48.65
2003-04-15,49.35,4310600.0,50.11,49.99,48.56
2003-04-16,49.79,2486900.0,50.01,48.75,48.68
2003-04-17,48.7,2814900.0,49.65,49.44,48.33
2003-04-21,49.78,1879400.0,49.99,49.22,49.09
2003-04-22,49.0,2849700.0,49.25,49.25,48.31
2003-04-23,48.87,2756300.0,49.15,48.77,48.5
2003-04-24,48.6,2813000.0,48.81,47.73,47.24
2003-04-25,47.83,3304300.0,48.9,48.67,47.82
2003-04-28,48.65,2594200.0,50.07,49.75,48.59
2003-04-29,49.7,3598300.0,50.23,49.581,48.7
2003-04-30,49.36,2164100.0,49.84,49.22,49.06
2003-05-01,49.0,2562700.0,49.22,48.74,48.0
2003-05-02,48.55,2583600.0,50.82,50.54,48.54
2003-05-05,50.69,2408500.0,50.78,50.03,49.88
2003-05-06,50.5,3413000.0,51.94,51.68,50.2
2003-05-07,51.04,2443900.0,51.45,51.06,50.64
2003-05-08,50.7,2605100.0,51.12,50.7,50.0
2003-05-09,50.69,1423200.0,51.32,50.88,50.25
2003-05-12,51.0,2773300.0,51.38,51.25,50.5
2003-05-13,51.15,1999200.0,51.88,51.5,50.95
2003-05-14,51.34,2389200.0,51.71,51.61,51.0
2003-05-15,51.76,2752300.0,52.04,51.8,51.53
2003-05-16,51.94,3093700.0,53.31,52.47,51.92
2003-05-19,52.45,1992900.0,52.77,52.0,51.83
2003-05-20,51.9,2457500.0,52.48,52.09,51.83
2003-05-21,51.91,1639100.0,52.48,52.23,51.79
2003-05-22,52.31,2301700.0,52.49,51.43,51.25
2003-05-23,51.48,2306400.0,52.39,52.1,51.19
2003-05-27,52.0,2565900.0,53.92,53.77,51.65
2003-05-28,53.63,4354700.0,55.3,55.28,53.11
2003-05-29,55.28,5107300.0,55.97,55.88,55.25
2003-05-30,56.01,3239500.0,57.66,57.4,55.89
2003-06-02,57.82,3443100.0,57.86,57.41,56.55
2003-06-03,57.43,2988700.0,58.33,57.83,57.09
2003-06-04,57.8,2295800.0,59.19,58.96,57.65
2003-06-05,58.56,2496700.0,59.45,59.16,58.54
2003-06-06,59.27,5234300.0,59.65,58.06,57.61
2003-06-09,57.82,3083700.0,58.34,58.18,57.35
2003-06-10,58.62,2285600.0,58.84,58.38,57.88
2003-06-11,58.31,2935300.0,59.5,59.5,57.9
2003-06-12,59.59,2108700.0,59.74,59.27,58.83
2003-06-13,59.41,1881900.0,59.9,58.55,58.13
2003-06-16,58.75,1926500.0,60.0,59.99,58.64
2003-06-17,59.95,2415600.0,60.49,60.18,59.02
2003-06-18,59.95,2011200.0,60.47,60.15,59.36
2003-06-19,60.06,2788400.0,60.47,59.07,59.065
2003-06-20,58.76,2726300.0,59.85,59.57,58.7
2003-06-23,58.98,2334400.0,59.31,58.99,58.53
2003-06-24,58.68,1935500.0,59.46,58.78,58.6
2003-06-25,58.46,2170800.0,59.72,58.12,58.06
2003-06-26,57.75,1488800.0,58.95,58.38,57.54
2003-06-27,58.34,1559300.0,58.52,58.0,57.9
2003-06-30,57.99,1590600.0,58.5,57.42,57.26
2003-07-01,57.3,2152000.0,58.12,57.82,55.95
2003-07-02,57.81,1959700.0,58.19,57.72,57.32
2003-07-03,57.57,1125600.0,58.54,58.44,57.27
2003-07-07,58.02,1567100.0,59.18,58.71,57.96
2003-07-08,57.95,1803700.0,58.69,58.08,57.8
2003-07-09,57.88,2424900.0,58.04,57.02,56.971
2003-07-10,56.7,2084700.0,57.25,56.79,56.11
2003-07-11,57.09,1461500.0,57.3,56.56,56.32
2003-07-14,57.19,2542500.0,58.75,57.64,57.0
2003-07-15,58.04,2455700.0,58.79,58.04,57.5
2003-07-16,57.75,2719500.0,57.9,56.24,55.8
2003-07-17,55.96,2526700.0,56.15,55.26,55.2
2003-07-18,55.9,1294900.0,56.01,55.88,55.12
2003-07-21,55.8,1536100.0,55.9,54.66,54.56
2003-07-22,54.8,1902700.0,56.37,55.59,54.8
2003-07-23,55.45,1064000.0,56.05,55.85,55.25
2003-07-24,56.35,2166800.0,56.7,54.99,54.92
2003-07-25,54.96,1690500.0,56.66,56.5,54.95
2003-07-28,56.02,1165000.0,56.16,55.8,55.2
2003-07-29,56.01,1636500.0,56.26,55.23,55.09
2003-07-30,55.79,1563500.0,55.98,55.24,54.87
2003-07-31,55.45,1836700.0,56.38,55.01,54.93
2003-08-01,54.72,1761300.0,55.01,54.2,53.85
2003-08-04,54.3,2036300.0,54.3,53.96,52.75
2003-08-05,54.19,2343100.0,54.26,52.77,52.58
2003-08-06,53.29,1988300.0,53.85,53.07,52.5
2003-08-07,53.15,1679600.0,54.02,53.87,52.73
2003-08-08,53.95,1111100.0,54.21,54.11,53.7
2003-08-11,54.25,1664900.0,54.44,53.04,52.76
2003-08-12,53.7,1904800.0,54.48,54.39,53.3
2003-08-13,54.51,2005200.0,55.09,55.0,54.44
2003-08-14,54.9,1883200.0,55.95,55.94,54.47
2003-08-15,55.89,779900.0,56.0,55.98,54.756
2003-08-18,56.04,1258500.0,56.56,56.16,56.0
2003-08-19,56.3,1240500.0,56.55,56.48,55.94
2003-08-20,56.51,1265700.0,57.13,56.58,56.17
2003-08-21,56.51,2563200.0,58.14,57.57,56.43
2003-08-22,57.25,2972700.0,57.97,57.04,56.49
2003-08-25,56.9,2291700.0,57.79,57.74,56.75
2003-08-26,57.7,1991200.0,58.5,58.5,57.29
2003-08-27,58.25,1357100.0,58.27,58.13,57.86
2003-08-28,57.94,1103000.0,58.45,58.36,57.6
2003-08-29,58.07,947600.0,58.77,58.6,57.87
2003-09-02,58.48,1764000.0,59.44,59.23,58.07
2003-09-03,58.9,1378100.0,59.06,58.83,58.51
2003-09-04,58.74,1331400.0,59.15,58.73,58.51
2003-09-05,58.49,1646300.0,58.92,58.53,58.21
2003-09-08,58.3,1796000.0,59.19,58.52,58.3
2003-09-09,58.13,2630400.0,58.83,58.83,57.8
2003-09-10,58.0,4306900.0,58.46,58.24,57.92
2003-09-11,58.25,2186200.0,58.9,58.71,58.2
2003-09-12,58.84,1832900.0,59.0,58.87,58.16
2003-09-15,59.0,2092400.0,59.15,58.25,57.8
2003-09-16,58.05,2179600.0,58.46,58.25,57.85
2003-09-17,58.25,2496100.0,58.37,57.53,57.51
2003-09-18,57.55,2197100.0,58.4,58.12,57.51
2003-09-19,57.87,2575500.0,58.76,58.35,57.87
2003-09-22,58.05,1884300.0,58.19,57.79,57.63
2003-09-23,57.65,1817700.0,58.09,57.73,57.48
2003-09-24,57.6,2249100.0,57.63,56.57,56.54
2003-09-25,56.59,2333000.0,57.22,56.66,56.0
2003-09-26,56.39,1593300.0,57.29,56.54,56.3
2003-09-29,56.3,1604800.0,56.74,56.63,56.26
2003-09-30,56.4,2403400.0,56.7,55.54,55.26
2003-10-01,55.65,2708600.0,57.8,57.47,55.47
2003-10-02,57.8,1387100.0,57.8,57.38,56.55
2003-10-03,57.88,2052800.0,59.0,58.28,57.86
2003-10-06,58.2,1121000.0,59.0,58.64,57.8
2003-10-07,58.69,1611900.0,59.12,59.11,58.095
2003-10-08,59.12,1250300.0,59.24,58.53,58.188
2003-10-09,59.03,1839500.0,59.86,59.14,58.75
2003-10-10,59.14,1269600.0,59.46,59.2,58.85
2003-10-13,59.38,1420600.0,60.01,60.0,59.2
2003-10-14,58.62,6253900.0,59.1,58.26,57.1
2003-10-15,58.55,3343700.0,58.55,57.03,56.94
2003-10-16,57.01,2230800.0,57.3,56.86,56.45
2003-10-17,56.79,2424700.0,56.92,56.05,55.88
2003-10-20,56.09,1405400.0,56.21,56.11,55.67
2003-10-21,56.25,1113100.0,56.59,56.09,56.01
2003-10-22,55.85,1110400.0,56.06,55.87,55.49
2003-10-23,55.9,994800.0,56.5,56.39,55.86
2003-10-24,56.29,1203400.0,56.76,56.72,55.9
2003-10-27,56.97,2153800.0,57.6,57.33,56.72
2003-10-28,57.18,1737700.0,57.86,57.66,56.83
2003-10-29,57.59,2200100.0,57.73,57.18,57.0
2003-10-30,57.72,1319400.0,57.99,57.95,57.19
2003-10-31,58.17,1570700.0,58.56,58.17,57.76
2003-11-03,57.85,1178300.0,58.5,58.26,57.76
2003-11-04,57.95,1795100.0,58.99,58.72,57.59
2003-11-05,58.68,1840500.0,58.75,58.42,58.33
2003-11-06,58.48,1500800.0,59.01,58.88,57.96
2003-11-07,58.7,2015300.0,59.17,58.66,58.51
2003-11-10,58.6,1153700.0,59.13,58.63,58.4
2003-11-11,58.54,1207800.0,58.74,57.98,57.85
2003-11-12,58.28,1637700.0,58.28,58.06,57.85
2003-11-13,57.89,1326900.0,58.5,58.08,57.66
2003-11-14,58.07,1253300.0,58.63,58.06,57.9
2003-11-17,57.75,1485000.0,58.25,58.05,57.75
2003-11-18,57.99,1585100.0,58.3,57.23,57.06
2003-11-19,57.07,1050500.0,57.67,57.47,57.0
2003-11-20,57.24,1168500.0,58.06,57.42,56.92
2003-11-21,57.46,901500.0,58.0,57.53,57.05
2003-11-24,57.65,839500.0,58.6,58.42,57.63
2003-11-25,58.54,1116400.0,58.89,58.63,57.8
2003-11-26,58.88,1094900.0,59.08,58.99,58.59
2003-11-28,58.86,748500.0,58.9,58.13,57.98
2003-12-01,58.2,1018900.0,58.51,58.51,57.93
2003-12-02,58.8,1055900.0,58.84,58.49,57.98
2003-12-03,58.59,1899900.0,59.52,58.51,58.47
2003-12-04,58.447,921300.0,59.09,58.57,58.0
2003-12-05,58.57,1562200.0,58.57,57.71,57.25
2003-12-08,57.42,1213100.0,58.45,58.21,57.2
2003-12-09,58.2,1928000.0,59.01,58.6,58.0
2003-12-10,58.85,1360200.0,58.85,58.47,57.55
2003-12-11,58.09,1332200.0,59.09,58.7,58.09
2003-12-12,58.81,829100.0,59.0,58.9,58.13
2003-12-15,59.12,1447200.0,59.6,57.55,57.29
2003-12-16,57.34,1209400.0,57.78,57.31,57.21
2003-12-17,57.47,1246100.0,57.55,57.17,56.82
2003-12-18,57.51,1418100.0,57.87,57.86,56.83
2003-12-19,57.8,2177800.0,58.23,58.0,57.4
2003-12-22,58.05,951400.0,58.22,58.22,57.74
2003-12-23,58.23,1013500.0,58.4,58.35,57.93
2003-12-24,58.0,665600.0,58.15,58.0,57.71
2003-12-26,58.1,387600.0,58.35,58.19,58.0
2003-12-29,58.15,1048000.0,58.64,58.64,57.98
2003-12-30,58.55,992000.0,58.87,58.83,58.4
2003-12-31,58.73,1253700.0,59.15,59.1,58.42
2004-01-02,58.89,1703000.0,59.33,58.48,58.1
2004-01-05,58.53,2224900.0,59.71,59.71,58.48
2004-01-06,59.58,1633300.0,60.0,59.9,59.06
2004-01-07,59.65,1799800.0,60.0,59.84,59.07
2004-01-08,59.99,1751800.0,60.0,59.49,59.12
2004-01-09,59.36,1576200.0,59.9,59.37,59.08
2004-01-12,59.3,1270600.0,59.82,59.66,59.07
2004-01-13,59.42,1439200.0,59.87,59.39,58.7
2004-01-14,59.2,2454100.0,59.5,58.38,58.29
2004-01-15,58.46,3934400.0,58.74,57.96,57.2
2004-01-16,58.13,3514800.0,58.14,56.95,56.7
2004-01-20,56.98,2155400.0,57.219,56.78,56.43
2004-01-21,56.98,2294800.0,57.33,57.06,56.7
2004-01-22,56.84,3418000.0,57.68,57.49,56.75
2004-01-23,57.2,2163500.0,57.9,57.6,57.13
2004-01-26,57.61,3004200.0,58.26,58.25,57.54
2004-01-27,58.12,2260400.0,58.42,58.12,57.86
2004-01-28,58.26,2689600.0,58.83,57.31,57.24
2004-01-29,57.42,3087800.0,58.44,58.1,57.41
2004-01-30,58.05,2617300.0,58.26,57.74,57.53
2004-02-02,57.4,2859900.0,58.48,58.15,57.4
2004-02-03,57.73,1990600.0,58.47,58.32,57.55
2004-02-04,58.14,1791500.0,58.7,58.49,57.89
2004-02-05,58.37,2407800.0,58.55,58.48,58.0
2004-02-06,58.5,2693500.0,58.77,58.57,58.34
2004-02-09,58.18,1337600.0,58.4,57.65,57.57
2004-02-10,57.51,1642700.0,58.05,57.99,57.45
2004-02-11,57.82,2304400.0,58.28,58.0,57.2
2004-02-12,57.88,731800.0,58.15,57.82,57.63
2004-02-13,57.94,947800.0,58.26,57.78,57.38
2004-02-17,57.95,1361600.0,59.0,58.41,57.62
2004-02-18,58.55,804400.0,58.6395,57.99,57.62
2004-02-19,58.24,1371400.0,58.57,57.75,57.53
2004-02-20,57.35,1432400.0,58.21,57.31,57.14
2004-02-23,57.42,1400700.0,57.77,57.27,57.11
2004-02-24,57.38,1496800.0,57.69,57.03,56.65
2004-02-25,57.0,1733200.0,57.43,56.69,56.09
2004-02-26,56.3,1773000.0,56.77,56.41,56.04
2004-02-27,56.49,2458200.0,56.87,56.02,55.85
2004-03-01,56.28,2165800.0,56.5,55.92,55.6
2004-03-02,56.25,1594100.0,56.34,55.85,55.75
2004-03-03,55.8,1832600.0,56.76,56.45,55.75
2004-03-04,56.4,1476000.0,56.73,56.68,56.14
2004-03-05,56.61,2258100.0,57.53,56.82,56.44
2004-03-08,56.78,1536500.0,56.8,55.84,55.81
2004-03-09,55.76,1559300.0,56.19,55.8,55.43
2004-03-10,55.77,2182300.0,55.8,55.07,54.88
2004-03-11,54.87,3338700.0,55.66,54.79,54.59
2004-03-12,54.9,1851500.0,55.73,55.29,54.69
2004-03-15,54.95,2071500.0,55.06,54.26,53.27
2004-03-16,55.54,2331900.0,55.82,55.4,54.75
2004-03-17,55.59,2211100.0,56.79,56.39,55.22
2004-03-18,56.12,2032300.0,56.8,56.5,56.05
2004-03-19,56.66,2664500.0,56.81,55.75,55.63
2004-03-22,56.35,2164500.0,56.43,55.93,55.15
2004-03-23,56.42,1827900.0,56.45,55.85,55.75
2004-03-24,55.62,2166900.0,56.34,55.85,55.6
2004-03-25,55.9,1471000.0,56.49,56.15,55.67
2004-03-26,56.05,1417100.0,56.09,55.59,55.41
2004-03-29,55.52,1309200.0,55.79,55.4,55.09
2004-03-30,55.06,2103700.0,55.25,55.21,54.78
2004-03-31,55.36,1715100.0,55.48,55.37,55.04
2004-04-01,55.26,1646100.0,55.4,55.17,54.94
2004-04-02,55.51,1770000.0,55.55,54.5,53.97
2004-04-05,54.52,2296000.0,54.52,54.13,53.75
2004-04-06,53.76,1272600.0,54.7,54.58,53.76
2004-04-07,55.05,3755600.0,55.69,55.49,54.85
2004-04-08,55.7,2445000.0,56.35,56.31,55.34
2004-04-12,56.34,1788800.0,56.95,56.91,56.31
2004-04-13,56.85,2474300.0,57.0,55.02,54.66
2004-04-14,54.88,2884100.0,54.91,54.36,53.23
2004-04-15,54.23,3113600.0,54.31,53.47,52.92
2004-04-16,53.87,3041800.0,55.06,54.69,53.79
2004-04-19,54.56,1365800.0,54.7,54.4,54.24
2004-04-20,54.63,1910300.0,55.0,54.32,54.3
2004-04-21,54.32,2846800.0,55.0,54.7199,54.03
2004-04-22,54.48,1953800.0,55.8,55.15,54.33
2004-04-23,55.03,1220000.0,55.5,55.17,54.5
2004-04-26,55.09,1240300.0,55.47,55.0,54.86
2004-04-27,55.4,1340700.0,55.46,54.94,54.73
2004-04-28,54.57,1076500.0,54.99,54.19,54.1
2004-04-29,54.25,1232100.0,54.82,53.96,53.64
2004-04-30,53.96,1636100.0,54.63,53.72,53.54
2004-05-03,53.67,1837800.0,53.75,53.5,53.02
2004-05-04,53.45,1391300.0,54.27,53.5,53.26
2004-05-05,54.31,1578700.0,54.52,53.77,53.6
2004-05-06,53.62,1235400.0,53.75,53.06,52.95
2004-05-07,52.69,2865500.0,52.93,51.54,51.4
2004-05-10,51.32,3301100.0,52.78,51.5,51.17
2004-05-11,51.62,2455100.0,52.25,51.74,51.51
2004-05-12,51.21,2220800.0,52.92,52.76,51.13
2004-05-13,52.67,2946300.0,53.73,53.4,52.51
2004-05-14,53.2,2037900.0,53.68,53.11,53.08
2004-05-17,52.81,1887600.0,53.03,52.83,52.68
2004-05-18,52.96,1687700.0,53.12,52.88,52.73
2004-05-19,53.21,1865500.0,53.49,52.89,52.84
2004-05-20,52.89,1426800.0,52.94,52.62,52.25
2004-05-21,52.78,2113200.0,53.5,53.4,52.7
2004-05-24,53.57,1212300.0,53.75,53.62,53.34
2004-05-25,53.65,1427300.0,54.43,54.15,53.41
2004-05-26,54.26,1729700.0,54.9,54.62,54.08
2004-05-27,54.98,1566900.0,55.0,54.92,54.52
2004-05-28,55.02,1123100.0,55.02,54.29,54.07
2004-06-01,54.11,2314400.0,54.41,53.98,53.95
2004-06-02,54.06,1685400.0,54.34,54.03,53.87
2004-06-03,53.97,1330500.0,54.39,53.96,53.88
2004-06-04,54.15,1368000.0,54.84,54.25,54.05
2004-06-07,54.62,1811100.0,55.42,55.24,54.53
2004-06-08,55.02,1099600.0,55.24,55.02,54.7
2004-06-09,55.2,1896000.0,56.2,55.52,55.16
2004-06-10,55.45,777300.0,55.65,55.52,55.29
2004-06-14,55.19,1267100.0,55.39,54.42,54.39
2004-06-15,54.83,2019000.0,55.25,54.73,54.6
2004-06-16,54.59,1243300.0,55.12,54.55,54.41
2004-06-17,54.38,1002300.0,54.5,54.07,53.97
2004-06-18,54.03,3432900.0,54.45,54.2,53.81
2004-06-21,54.15,1281400.0,54.38,53.74,53.72
2004-06-22,53.8,1690300.0,54.02,53.5,53.31
2004-06-23,53.48,2576800.0,53.71,53.66,53.27
2004-06-24,53.7,1503300.0,53.91,53.53,53.53
2004-06-25,53.84,3404700.0,54.08,53.56,53.39
2004-06-28,53.75,2113300.0,54.03,53.73,53.63
2004-06-29,53.59,1789600.0,53.81,53.66,53.42
2004-06-30,53.75,2191900.0,54.28,53.78,53.6
2004-07-01,53.95,1476300.0,53.95,53.03,52.89
2004-07-02,52.91,1059800.0,53.54,53.37,52.83
2004-07-06,53.05,1363800.0,53.25,52.92,52.59
2004-07-07,53.05,1405500.0,53.1,52.96,52.75
2004-07-08,52.85,1471000.0,53.24,52.96,52.58
2004-07-09,52.97,1518100.0,53.01,52.51,52.5
2004-07-12,52.68,2234300.0,53.42,53.23,52.59
2004-07-13,53.35,1669300.0,53.49,53.34,53.05
2004-07-14,53.18,2587300.0,54.07,53.98,53.18
2004-07-15,53.01,8242100.0,53.5,50.5,50.5
2004-07-16,50.99,4547100.0,51.19,50.18,49.97
2004-07-19,50.3,2250200.0,50.68,50.52,49.94
2004-07-20,50.42,1427800.0,51.1,50.71,50.23
2004-07-21,50.7,2196800.0,51.2,50.62,50.6
2004-07-22,50.56,1457800.0,50.9,50.66,50.31
2004-07-23,50.65,1070000.0,50.69,50.0,49.79
2004-07-26,50.05,1467700.0,50.1,49.86,49.45
2004-07-27,49.85,1790700.0,50.27,50.23,49.5
2004-07-28,49.88,1843900.0,50.32,49.86,49.6
2004-07-29,50.03,1242300.0,50.15,49.9,49.6
2004-07-30,49.82,1273300.0,50.0,49.36,49.27
2004-08-02,48.29,3763600.0,49.2,49.16,48.15
2004-08-03,48.86,2395000.0,49.03,48.81,48.19
2004-08-04,48.61,2266700.0,48.81,48.66,48.04
2004-08-05,48.63,1330500.0,48.69,48.35,48.17
2004-08-06,48.21,1464700.0,48.49,47.86,47.62
2004-08-09,48.02,1298400.0,48.08,47.44,47.32
2004-08-10,47.4,1432100.0,47.72,47.65,47.18
2004-08-11,47.33,1322300.0,48.11,47.97,47.31
2004-08-12,47.76,951900.0,48.08,47.39,47.37
2004-08-13,47.58,1513800.0,47.67,46.86,46.59
2004-08-16,46.68,2268100.0,48.19,47.75,46.63
2004-08-17,47.74,1301900.0,48.34,48.12,47.62
2004-08-18,48.1,1633600.0,49.17,49.17,47.87
2004-08-19,48.9,2109400.0,49.4,49.36,48.84
2004-08-20,49.45,1569600.0,49.98,49.87,49.3
2004-08-23,49.92,1227400.0,49.99,49.74,49.54
2004-08-24,49.88,1279400.0,50.0,49.87,49.5
2004-08-25,50.0,1637300.0,50.51,50.34,49.63
2004-08-26,50.33,1214700.0,50.74,50.55,50.3
2004-08-27,50.55,977000.0,50.79,50.43,50.23
2004-08-30,50.3,917000.0,50.61,49.96,49.95
2004-08-31,50.0,1530500.0,50.11,49.81,49.55
2004-09-01,49.19,2496700.0,49.2,48.87,48.59
2004-09-02,49.12,1590700.0,49.25,49.08,48.38
2004-09-03,49.0,1419600.0,49.75,49.69,48.96
2004-09-07,49.73,1630900.0,50.1,49.33,49.22
2004-09-08,49.25,1788200.0,49.41,48.3,48.3
2004-09-09,48.3,2230100.0,48.49,47.92,47.75
2004-09-10,48.94,2176500.0,48.94,48.5,48.05
2004-09-13,48.69,2200400.0,48.72,48.5,48.19
2004-09-14,48.45,2195100.0,49.15,48.85,48.28
2004-09-15,48.85,2232000.0,49.47,48.92,48.62
2004-09-16,49.22,2212100.0,50.07,50.0,49.22
2004-09-17,50.08,2647800.0,50.25,49.72,49.45
2004-09-20,49.95,2329000.0,49.95,48.99,48.87
2004-09-21,48.94,3234500.0,49.09,48.59,48.46
2004-09-22,48.28,3439500.0,49.78,49.38,48.25
2004-09-23,49.38,2029800.0,49.52,48.77,48.73
2004-09-24,48.67,1974500.0,49.74,49.33,48.64
2004-09-27,49.23,2057500.0,49.6,49.06,48.88
2004-09-28,49.09,1521000.0,49.32,49.01,48.78
2004-09-29,48.85,1494000.0,49.6,49.6,48.5
2004-09-30,49.67,2283300.0,49.67,49.22,48.9
2004-10-01,49.38,1532900.0,49.94,49.83,49.19
2004-10-04,49.85,1801500.0,50.13,50.0736,49.4
2004-10-05,49.74,1312100.0,49.95,49.52,49.5
2004-10-06,49.52,1686200.0,50.14,50.13,49.45
2004-10-07,50.09,1612700.0,50.35,50.09,49.74
2004-10-08,49.88,1304200.0,50.25,49.6,49.45
2004-10-11,50.0,1089100.0,50.24,50.13,49.6
2004-10-12,49.79,1665900.0,50.4,50.08,49.63
2004-10-13,50.27,1781700.0,50.4153,49.74,49.6
2004-10-14,49.78,2336000.0,49.78,48.91,48.88
2004-10-15,49.29,2167800.0,49.29,48.76,48.56
2004-10-18,48.64,1390400.0,49.81,49.76,48.6
2004-10-19,49.7,2363800.0,49.95,49.72,49.4
2004-10-20,49.53,2007300.0,49.6,49.02,48.52
2004-10-21,49.135,1534400.0,49.35,48.71,48.45
2004-10-22,48.76,1495100.0,48.99,47.82,47.82
2004-10-25,47.63,1345100.0,47.95,47.7,47.31
2004-10-26,47.69,1662400.0,48.73,48.6,47.64
2004-10-27,48.42,1413400.0,49.46,49.36,48.0
2004-10-28,49.3,1651400.0,49.47,49.19,48.25
2004-10-29,49.28,1410100.0,49.46,49.19,49.02
2004-11-01,49.345,2410100.0,49.56,49.29,49.07
2004-11-02,49.3,1199700.0,50.0,49.42,49.1
2004-11-03,49.72,2063500.0,50.05,50.0,49.6
2004-11-04,50.12,2321000.0,51.33,51.32,49.75
2004-11-05,51.415,2195700.0,51.72,51.03,50.8999
2004-11-08,50.93,2471200.0,51.0,49.98,49.82
2004-11-09,50.21,1235000.0,50.26,49.78,49.0
2004-11-10,49.89,906300.0,50.33,49.98,49.6
2004-11-11,49.96,984200.0,50.83,50.8,49.96
2004-11-12,50.87,1642900.0,51.57,51.47,50.41
2004-11-15,51.39,1090100.0,51.69,51.63,51.11
2004-11-16,51.51,2201600.0,51.98,51.86,51.36
2004-11-17,51.95,2679100.0,52.31,52.23,51.8
2004-11-18,51.93,1013900.0,52.34,51.95,51.79
2004-11-19,51.86,1054800.0,52.06,51.01,50.9
2004-11-22,51.1,1573900.0,51.34,51.23,50.6
2004-11-23,51.1,1510000.0,51.43,51.35,50.73
2004-11-24,51.5,1223900.0,51.9,51.18,50.9
2004-11-26,51.15,268500.0,51.42,51.11,51.1
2004-11-29,51.02,1191400.0,51.25,50.78,50.57
2004-11-30,50.66,1713700.0,50.93,50.36,50.3
2004-12-01,50.66,1846100.0,51.65,51.55,50.52
2004-12-02,51.4,1337200.0,51.8,51.66,51.29
2004-12-03,48.15,12210100.0,50.51,47.99,47.3
2004-12-06,47.806,4584800.0,47.94,47.0,46.77
2004-12-07,46.85,4762500.0,47.02,45.99,45.89
2004-12-08,46.165,6153500.0,46.62,45.78,45.46
2004-12-09,45.65,4467700.0,46.37,46.32,45.32
2004-12-10,46.15,3271700.0,46.83,46.64,46.13
2004-12-13,46.8,3950900.0,47.33,47.2,46.69
2004-12-14,47.0,3039200.0,47.59,47.5,47.0
2004-12-15,47.6,3861900.0,48.12,48.1,47.5
2004-12-16,48.02,2987400.0,48.1,47.77,47.39
2004-12-17,46.68,4976000.0,47.55,47.12,46.65
2004-12-20,47.345,2432300.0,47.68,47.28,47.2
2004-12-21,47.16,2636100.0,47.73,47.73,46.96
2004-12-22,47.69,1763600.0,47.76,47.56,47.25
2004-12-23,47.65,1115800.0,47.83,47.69,47.5
2004-12-27,47.8,1281700.0,47.89,47.63,47.6
2004-12-28,47.72,1484200.0,47.88,47.81,47.6
2004-12-29,47.37,1880200.0,47.7,47.05,46.95
2004-12-30,47.06,1718100.0,47.27,47.13,46.87
2004-12-31,47.24,1967900.0,47.63,47.3,47.14
2005-01-03,47.62,6261600.0,47.98,47.55,47.3
2005-01-04,47.57,2143600.0,47.61,47.21,46.99
2005-01-05,47.25,2586700.0,47.39,46.45,46.45
2005-01-06,46.55,2190700.0,46.75,46.26,46.15
2005-01-07,46.5,1858500.0,46.501,45.95,45.88
2005-01-10,46.0,2503900.0,46.11,46.03,45.748
2005-01-11,46.11,3083800.0,46.19,45.67,45.47
2005-01-12,45.67,2876200.0,45.75,45.25,45.0
2005-01-13,45.34,3735300.0,45.39,44.52,44.37
2005-01-14,44.69,4024600.0,44.8,44.51,44.4
2005-01-18,45.35,8064000.0,47.21,47.17,45.0
2005-01-19,47.1,3473400.0,47.25,46.68,46.64
2005-01-20,46.67,2706000.0,46.87,46.29,45.99
2005-01-21,45.99,2119800.0,46.46,46.01,45.98
2005-01-24,46.25,3524400.0,47.31,46.61,46.05
2005-01-25,46.52,3451900.0,46.77,46.25,46.15
2005-01-26,46.34,2179500.0,46.87,46.63,46.29
2005-01-27,46.59,2507700.0,46.83,46.43,46.31
2005-01-28,46.52,3190400.0,46.52,45.8,45.51
2005-01-31,46.3,2509700.0,46.51,46.47,46.19
2005-02-01,46.57,2409300.0,47.17,46.95,46.49
2005-02-02,47.06,4168900.0,47.47,47.39,46.75
2005-02-03,47.24,2259800.0,47.39,47.36,47.17
2005-02-04,47.41,2484800.0,48.1,48.09,47.2
2005-02-07,48.0,1852100.0,48.12,47.96,47.75
2005-02-08,47.68,2576300.0,48.02,47.62,47.5
2005-02-09,47.65,2719400.0,47.74,47.54,47.19
2005-02-10,47.47,2563400.0,47.92,47.72,47.47
2005-02-11,47.7,2092100.0,47.81,47.59,47.38
2005-02-14,47.38,1478900.0,47.74,47.45,47.32
2005-02-15,47.51,2280900.0,47.54,47.02,46.75
2005-02-16,47.09,2438800.0,47.09,46.8,46.52
2005-02-17,46.85,2143900.0,46.92,46.34,46.3
2005-02-18,46.24,2276800.0,46.45,45.7,45.45
2005-02-22,45.8,4274000.0,45.98,44.84,44.45
2005-02-23,44.95,3061700.0,45.2,44.89,44.73
2005-02-24,44.945,2474700.0,45.38,45.27,44.81
2005-02-25,45.21,1574000.0,45.4,45.3,45.09
2005-02-28,45.15,2551700.0,45.23,44.77,44.56
2005-03-01,44.85,2957200.0,45.1,44.84,44.77
2005-03-02,44.77,2499100.0,45.1,44.98,44.61
2005-03-03,45.03,1813200.0,45.08,44.85,44.8
2005-03-04,45.17,3192100.0,46.0,45.88,44.95
2005-03-07,45.97,2838000.0,46.52,46.38,45.97
2005-03-08,46.39,2793500.0,46.39,45.7,45.7
2005-03-09,45.48,7074700.0,45.49,44.69,44.69
2005-03-10,44.7,2916000.0,45.09,45.05,44.5
2005-03-11,45.14,2807000.0,45.4,44.14,44.06
2005-03-14,44.23,2813600.0,44.29,44.01,43.73
2005-03-15,44.14,2684700.0,44.2,43.25,43.25
2005-03-16,43.24,2918500.0,43.39,42.89,42.75
2005-03-17,43.05,2707400.0,43.24,43.04,42.88
2005-03-18,43.0,6122700.0,43.3,42.37,42.37
2005-03-21,42.65,2697200.0,42.96,42.57,42.46
2005-03-22,42.65,2605700.0,42.83,42.22,42.16
2005-03-23,42.47,2210400.0,42.75,42.38,42.3
2005-03-24,42.53,2174800.0,43.0,42.05,42.05
2005-03-28,42.4,1854000.0,42.81,42.51,42.2
2005-03-29,42.2,2453000.0,42.79,42.38,42.2
2005-03-30,42.45,2229600.0,43.06,42.98,42.24
2005-03-31,43.55,2560400.0,43.77,42.98,42.98
2005-04-01,42.99,2870100.0,43.5,42.85,42.64
2005-04-04,42.71,2547300.0,42.85,42.48,42.1
2005-04-05,42.55,1931400.0,43.09,42.87,42.5
2005-04-06,43.0,2174900.0,43.54,43.16,42.87
2005-04-07,43.23,1632500.0,43.76,43.29,43.12
2005-04-08,43.18,1562800.0,43.47,42.9,42.86
2005-04-11,43.0,1784100.0,43.17,43.01,42.85
2005-04-12,42.85,3093500.0,43.7,43.43,42.25
2005-04-13,43.52,2222400.0,43.56,43.09,42.846
2005-04-14,42.21,9175900.0,42.29,41.1,40.24
2005-04-15,40.54,3671200.0,41.66,40.96,40.43
2005-04-18,40.84,3268000.0,41.77,41.74,40.78
2005-04-19,42.0,3096000.0,42.0,41.43,41.13
2005-04-20,41.3,2283300.0,41.34,40.5,40.39
2005-04-21,40.7,3458100.0,41.62,41.62,40.61
2005-04-22,41.32,2674600.0,42.22,41.8,41.25
2005-04-25,42.0,1995000.0,42.61,42.54,41.87
2005-04-26,42.26,2243200.0,42.48,42.12,42.0
2005-04-27,42.1,1986400.0,42.86,42.78,42.0
2005-04-28,42.5,1767700.0,42.9,42.27,42.14
2005-04-29,42.66,2921800.0,43.5,43.5,42.35
2005-05-02,43.54,1941100.0,43.89,43.62,43.22
2005-05-03,43.35,1997400.0,43.99,43.55,43.28
2005-05-04,43.88,2425300.0,44.23,43.89,43.05
2005-05-05,43.7,1581600.0,44.37,43.8,43.42
2005-05-06,43.86,1339600.0,44.0,43.51,43.33
2005-05-09,43.46,1360900.0,44.05,43.8,43.36
2005-05-10,43.52,1840300.0,43.57,43.16,42.94
2005-05-11,43.2,1876400.0,43.56,43.31,42.95
2005-05-12,43.42,2277900.0,44.0,43.73,43.4
2005-05-13,43.86,2177800.0,44.07,43.43,43.3
2005-05-16,43.36,1451800.0,44.34,44.2,43.36
2005-05-17,44.04,1816700.0,44.44,44.36,43.98
2005-05-18,44.4,2549900.0,44.67,44.4,44.01
2005-05-19,44.39,3130900.0,44.49,43.91,43.53
2005-05-20,44.5,3237000.0,44.52,43.34,43.23
2005-05-23,43.3,2741000.0,43.49,43.35,43.12
2005-05-24,43.27,2543500.0,43.35,42.76,42.56
2005-05-25,42.63,2009300.0,42.96,42.6,42.48
2005-05-26,42.83,1530900.0,43.35,42.99,42.76
2005-05-27,42.84,1164300.0,43.47,43.23,42.77
2005-05-31,43.23,2318900.0,43.33,42.67,42.59
2005-06-01,42.63,2321200.0,43.79,43.24,42.62
2005-06-02,43.02,1291000.0,43.05,42.85,42.76
2005-06-03,42.74,2066700.0,42.84,41.97,41.84
2005-06-06,41.95,1633000.0,42.37,42.27,41.9
2005-06-07,42.5,1611700.0,42.55,41.86,41.86
2005-06-08,41.81,1497800.0,42.23,42.03,41.81
2005-06-09,42.05,1956100.0,42.38,42.12,41.9
2005-06-10,42.02,1887800.0,42.38,42.0,41.76
2005-06-13,41.72,2995700.0,41.84,41.25,41.15
2005-06-14,41.26,2303700.0,41.5,41.32,41.12
2005-06-15,41.45,2118900.0,41.5,41.21,41.02
2005-06-16,41.14,1814100.0,41.41,41.27,41.05
2005-06-17,41.44,3481500.0,41.75,41.57,41.1
2005-06-20,41.42,2192500.0,41.71,41.43,41.12
2005-06-21,41.34,2510100.0,42.19,42.05,41.29
2005-06-22,42.27,1643700.0,42.48,42.24,42.05
2005-06-23,42.2,1574400.0,42.35,41.64,41.47
2005-06-24,41.77,2370700.0,41.9,41.82,41.51
2005-06-27,41.64,2294000.0,41.91,41.61,41.58
2005-06-28,41.7,2749200.0,41.746,41.68,41.37
2005-06-29,41.65,1746300.0,42.14,41.76,41.59
2005-06-30,41.44,2701300.0,41.91,41.17,41.1
2005-07-01,41.23,1883300.0,41.47,41.06,40.97
2005-07-05,41.06,2507900.0,41.33,41.21,40.79
2005-07-06,41.0,1782700.0,41.47,41.22,40.93
2005-07-07,41.04,1389300.0,41.39,41.33,40.72
2005-07-08,41.11,2077900.0,42.26,42.23,41.0959
2005-07-11,42.57,2284300.0,42.75,42.75,42.25
2005-07-12,42.53,2012400.0,43.34,43.02,42.492
2005-07-13,43.3,2715500.0,43.99,43.44,43.0
2005-07-14,42.48,6079500.0,42.58,42.3,41.28
2005-07-15,42.15,2124200.0,42.4,42.22,41.84
2005-07-18,42.12,1620300.0,42.19,41.52,41.48
2005-07-19,41.47,1171600.0,41.93,41.69,41.45
2005-07-20,41.68,2229300.0,42.5,42.24,41.46
2005-07-21,42.17,1845600.0,42.39,41.89,41.7
2005-07-22,42.25,1319300.0,42.41,42.37,41.98
2005-07-25,42.3,1420500.0,42.7,42.42,42.21
2005-07-26,42.5,1442400.0,42.976,42.85,42.04
2005-07-27,42.94,1248600.0,43.07,42.97,42.7
2005-07-28,43.03,1451600.0,43.34,43.23,42.92
2005-07-29,43.21,2248400.0,43.45,43.1,42.99
2005-08-01,43.09,2887800.0,43.2399,43.03,42.44
2005-08-02,43.13,1755800.0,43.49,43.46,43.08
2005-08-03,43.32,1626200.0,43.57,43.48,43.06
2005-08-04,43.16,1314500.0,43.48,43.26,43.1
2005-08-05,43.23,2017200.0,43.35,42.85,42.71
2005-08-08,43.13,1807600.0,43.17,42.99,42.51
2005-08-09,43.07,2220500.0,43.26,42.99,42.91
2005-08-10,43.14,2689700.0,43.49,43.19,43.08
2005-08-11,43.05,1875100.0,43.42,43.37,42.97
2005-08-12,43.33,1122000.0,43.48,43.26,42.99
2005-08-15,43.04,1400900.0,43.48,43.4,42.73
2005-08-16,43.4,1353100.0,43.42,43.03,43.02
2005-08-17,42.96,1046700.0,43.34,43.15,42.83
2005-08-18,43.05,1302400.0,43.35,43.06,42.86
2005-08-19,43.31,1388300.0,43.35,43.01,42.87
2005-08-22,42.99,1515900.0,43.38,43.23,42.93
2005-08-23,43.13,1674600.0,43.26,43.08,43.0
2005-08-24,42.9,1621000.0,43.21,42.67,42.65
2005-08-25,41.45,4179700.0,41.99,41.82,41.37
2005-08-26,41.85,3154100.0,42.07,41.36,41.35
2005-08-29,41.26,1512500.0,41.69,41.52,41.11
2005-08-30,41.7,1849300.0,41.7,41.27,40.88
2005-08-31,41.35,1686500.0,41.41,41.41,40.77
2005-09-01,41.07,2772100.0,41.74,41.37,41.05
2005-09-02,41.6,1954200.0,41.7,41.29,41.28
2005-09-06,41.43,1437100.0,41.87,41.64,41.39
2005-09-07,41.42,1149700.0,41.6199,41.33,40.99
2005-09-08,41.26,1784900.0,41.39,41.22,40.96
2005-09-09,41.2,1445200.0,41.56,41.37,41.11
2005-09-12,41.53,2611400.0,42.2,41.78,41.3
2005-09-13,41.82,2300100.0,41.83,41.36,41.15
2005-09-14,41.21,2813700.0,41.53,40.52,40.45
2005-09-15,38.64,10847100.0,39.34,38.45,38.1
2005-09-16,39.005,12431600.0,39.8,39.54,38.58
2005-09-19,39.29,4425000.0,39.33,38.86,38.22
2005-09-20,38.76,4184100.0,39.11,38.15,37.89
2005-09-21,38.1,3938800.0,38.34,37.6,37.57
2005-09-22,37.65,3558100.0,37.81,37.49,37.23
2005-09-23,37.51,2069800.0,37.72,37.57,37.45
2005-09-26,37.91,2219000.0,37.91,37.46,37.35
2005-09-27,37.49,2637100.0,37.63,37.02,36.93
2005-09-28,37.22,3333800.0,37.22,36.8,36.65
2005-09-29,37.21,3248100.0,37.21,36.78,36.5
2005-09-30,36.89,2841800.0,37.12,36.75,36.38
2005-10-03,36.72,2141000.0,36.93,36.49,36.4
2005-10-04,36.5,2951900.0,36.55,36.17,36.14
2005-10-05,36.05,3410100.0,36.11,35.7,35.69
2005-10-06,35.75,2880600.0,36.07,35.72,35.63
2005-10-07,35.9,2421500.0,36.06,35.82,35.65
2005-10-10,35.92,1656300.0,36.26,35.67,35.66
2005-10-11,35.8,2171300.0,35.8,35.23,35.05
2005-10-12,35.15,2093800.0,35.61,35.4,35.04
2005-10-13,35.25,2428000.0,36.09,36.03,35.2
2005-10-14,36.02,3012700.0,36.58,36.53,36.0
2005-10-17,36.73,3461900.0,37.98,37.11,36.67
2005-10-18,37.23,10233100.0,39.57,38.79,36.79
2005-10-19,38.5,5038100.0,38.59,38.3,37.74
2005-10-20,38.5,3542100.0,39.2,38.14,37.86
2005-10-21,38.71,2342800.0,38.73,38.01,37.87
2005-10-24,38.28,2162500.0,38.49,38.46,37.64
2005-10-25,38.4,2300700.0,38.62,37.92,37.74
2005-10-26,37.9,3606700.0,39.19,38.95,37.35
2005-10-27,38.76,3695000.0,39.63,39.17,38.76
2005-10-28,39.78,5885500.0,40.88,40.46,39.56
2005-10-31,40.4,2919400.0,40.61,40.12,39.95
2005-11-01,40.21,2183700.0,40.31,40.0,39.35
2005-11-02,40.0,1629000.0,40.28,40.23,39.68
2005-11-03,40.02,1922300.0,40.05,39.68,39.56
2005-11-04,39.8,2081900.0,40.48,40.4,39.5
2005-11-07,40.4,1701100.0,40.82,40.76,40.06
2005-11-08,40.54,1523300.0,40.74,40.12,39.98
2005-11-09,40.04,1330800.0,40.52,40.43,39.82
2005-11-10,40.65,2093900.0,41.25,41.25,40.35
2005-11-11,41.4,1542600.0,41.45,41.32,40.84
2005-11-14,41.21,2177900.0,41.24,40.95,40.76
2005-11-15,40.87,2349000.0,41.06,40.27,40.02
2005-11-16,40.27,2131400.0,40.5,39.95,39.88
2005-11-17,40.02,1270200.0,40.42,40.42,39.92
2005-11-18,40.98,2069600.0,41.0,40.46,40.27
2005-11-21,40.41,1525500.0,41.31,41.22,40.26
2005-11-22,40.82,2605100.0,42.0,41.94,40.68
2005-11-23,41.99,1789500.0,42.5,42.12,41.7
2005-11-25,42.45,496700.0,42.5,42.22,42.0
2005-11-28,42.31,1914300.0,42.5,42.15,42.14
2005-11-29,41.68,3859700.0,41.78,41.29,40.75
2005-11-30,41.2,3741700.0,41.42,40.27,39.94
2005-12-01,40.5,2727200.0,40.64,40.55,40.25
2005-12-02,40.48,1654700.0,40.71,40.29,40.05
2005-12-05,40.15,2057400.0,40.239,40.0,39.85
2005-12-06,40.1,1807600.0,40.2,39.85,39.77
2005-12-07,39.51,2753700.0,39.85,39.42,38.85
2005-12-08,39.5,1602400.0,39.6,39.04,38.89
2005-12-09,38.94,2327800.0,40.29,40.09,38.94
2005-12-12,39.95,1833700.0,40.1468,39.49,39.42
2005-12-13,38.29,5061400.0,39.79,39.45,38.249
2005-12-14,39.32,2078300.0,39.75,39.47,39.09
2005-12-15,39.47,1930600.0,39.67,39.3,39.21
2005-12-16,39.7,4250400.0,39.9,39.44,39.23
2005-12-19,39.35,2313400.0,39.5,38.89,38.75
2005-12-20,38.8,1426200.0,39.17,38.84,38.76
2005-12-21,38.96,1992900.0,39.06,38.75,38.57
2005-12-22,38.85,1311200.0,38.95,38.93,38.59
2005-12-23,38.98,777300.0,39.17,38.92,38.8
2005-12-27,39.08,1922400.0,39.16,38.48,38.37
2005-12-28,38.55,2354400.0,38.577,38.42,38.18
2005-12-29,38.2,1355500.0,38.56,37.93,37.88
2005-12-30,37.81,1795100.0,37.85,37.72,37.21
2006-01-03,38.04,2533400.0,38.09,37.87,37.2
2006-01-04,37.86,1736600.0,38.39,38.34,37.76
2006-01-05,38.3,4572400.0,38.87,38.86,38.27
2006-01-06,38.85,2298900.0,39.07,38.84,38.62
2006-01-09,38.84,1685600.0,39.14,39.0,38.69
2006-01-10,39.0,1665900.0,39.03,39.0,38.71
2006-01-11,38.61,2627100.0,38.86,38.84,38.2
2006-01-12,38.7,5698000.0,39.1,38.8,38.4
2006-01-13,39.04,1683600.0,39.06,38.93,38.67
2006-01-17,37.99,4428100.0,38.71,38.44,37.8
2006-01-18,38.39,3876400.0,38.84,38.26,38.0
2006-01-19,38.35,2451800.0,38.38,37.85,37.81
2006-01-20,37.9,3253600.0,37.95,36.66,36.54
2006-01-23,36.97,2411300.0,37.72,37.58,36.61
2006-01-24,37.7,2193800.0,37.75,37.18,36.9
2006-01-25,37.09,2014700.0,37.45,37.37,36.81
2006-01-26,37.45,1774100.0,38.3,38.18,37.45
2006-01-27,38.1,1698300.0,38.5,38.29,37.59
2006-01-30,38.16,2030900.0,38.36,38.11,37.9
2006-01-31,38.01,2184400.0,38.22,37.57,37.32
2006-02-01,37.17,1997600.0,37.95,37.48,37.02
2006-02-02,37.33,2038700.0,37.51,36.79,36.67
2006-02-03,36.55,1557100.0,36.99,36.67,36.44
2006-02-06,36.6,1093200.0,36.68,36.53,36.38
2006-02-07,36.61,1358600.0,36.69,36.46,36.3
2006-02-08,36.46,1927500.0,37.52,37.38,36.34
2006-02-09,37.3,1511200.0,37.88,37.31,37.19
2006-02-10,37.3,1620900.0,37.76,37.64,37.12
2006-02-13,37.65,1011800.0,37.65,37.36,37.21
2006-02-14,37.45,2426900.0,38.3,38.05,37.15
2006-02-15,37.91,1635100.0,38.31,38.16,37.51
2006-02-16,38.01,1525900.0,38.54,38.51,37.95
2006-02-17,38.6,2000400.0,38.649,38.52,38.26
2006-02-21,38.49,1477000.0,38.72,38.08,38.08
2006-02-22,38.2,3396200.0,39.78,39.55,38.18
2006-02-23,39.4,1504900.0,39.93,39.59,39.03
2006-02-24,39.69,1295100.0,39.75,39.17,39.16
2006-02-27,39.08,1974200.0,39.27,38.78,38.78
2006-02-28,38.55,1398000.0,38.93,38.65,38.5
2006-03-01,38.63,983200.0,38.94,38.94,38.5
2006-03-02,38.75,1970400.0,38.85,38.41,37.77
2006-03-03,38.17,1537300.0,38.73,38.39,37.9
2006-03-06,38.35,2128800.0,38.4,37.97,37.78
2006-03-07,37.94,1628400.0,38.08,37.91,37.71
2006-03-08,37.75,1835000.0,38.11,37.93,37.6
2006-03-09,37.89,1724100.0,38.17,37.32,37.31
2006-03-10,37.6,1900900.0,38.19,37.77,37.3
2006-03-13,38.17,1595500.0,38.38,37.77,37.71
2006-03-14,37.67,1699600.0,38.8,38.73,37.622
2006-03-15,38.65,2627800.0,39.46,39.25,38.58
2006-03-16,39.47,1430000.0,39.65,39.17,38.93
2006-03-17,39.51,2054400.0,39.56,39.21,39.05
2006-03-20,39.39,2789100.0,40.02,40.02,39.28
2006-03-21,40.0,2620100.0,40.16,39.95,39.65
2006-03-22,39.9,2879800.0,40.97,40.76,39.75
2006-03-23,40.65,1823900.0,40.97,40.86,40.54
2006-03-24,40.78,1179000.0,40.9,40.7,40.58
2006-03-27,40.55,3518000.0,41.4,41.33,40.41
2006-03-28,41.06,3508800.0,41.43,40.53,40.37
2006-03-29,40.44,5042700.0,40.68,40.2,39.62
2006-03-30,39.85,1926800.0,40.18,39.39,39.35
2006-03-31,39.54,2138800.0,39.68,39.36,39.29
2006-04-03,39.5,2037500.0,39.84,39.18,39.14
2006-04-04,39.16,1691800.0,39.99,39.68,39.07
2006-04-05,39.69,2358500.0,39.98,39.69,39.4
2006-04-06,39.65,1013900.0,39.95,39.55,39.4
2006-04-07,39.75,1326200.0,39.83,39.36,39.07
2006-04-10,39.49,1093300.0,39.58,39.3,39.12
2006-04-11,39.3,1183000.0,39.33,39.26,38.98
2006-04-12,39.15,1307500.0,39.29,38.79,38.72
2006-04-13,38.9,1459200.0,39.49,39.37,38.73
2006-04-17,39.19,1334600.0,39.73,39.32,38.96
2006-04-18,39.37,4385300.0,41.02,40.96,38.86
2006-04-19,40.64,1843200.0,41.0,40.38,40.04
2006-04-20,39.87,2109800.0,40.382,39.55,39.53
2006-04-21,39.88,2564200.0,40.0,39.23,39.0
2006-04-24,39.31,1779200.0,39.58,39.23,39.01
2006-04-25,39.11,1435100.0,39.38,39.0,39.0
2006-04-26,39.21,1267700.0,39.38,39.32,39.02
2006-04-27,39.08,3019600.0,40.67,40.29,39.07
2006-04-28,40.3,3064900.0,40.72,40.42,40.26
2006-05-01,40.4,1882000.0,40.53,39.61,39.5
2006-05-02,39.6,2025700.0,39.8,39.62,39.38
2006-05-03,39.52,1592400.0,39.76,39.59,39.41
2006-05-04,39.47,1403600.0,39.86,39.64,39.46
2006-05-05,39.89,1529400.0,40.01,39.93,39.71
2006-05-08,40.05,1766400.0,40.45,40.12,39.99
2006-05-09,40.09,1424100.0,40.16,39.7,39.48
2006-05-10,39.73,1292700.0,39.97,39.85,39.46
2006-05-11,39.67,1788900.0,39.85,39.11,38.81
2006-05-12,39.2,1183200.0,39.39,38.83,38.8
2006-05-15,38.93,1631100.0,39.41,39.39,38.81
2006-05-16,39.34,1189600.0,39.45,39.15,38.88
2006-05-17,38.9,1461400.0,38.9338,38.4,38.31
2006-05-18,38.51,1694000.0,38.69,37.92,37.85
2006-05-19,38.24,2551400.0,38.45,38.22,37.88
2006-05-22,38.13,2108700.0,38.58,38.16,37.714
2006-05-23,38.05,1842700.0,38.51,37.93,37.92
2006-05-24,37.85,2426300.0,38.31,38.17,37.72
2006-05-25,38.28,1703600.0,38.5,38.11,37.72
2006-05-26,38.2,1307200.0,38.45,38.22,38.05
2006-05-30,38.2,1294400.0,38.29,37.92,37.87
2006-05-31,38.17,2206400.0,38.36,38.0,37.67
2006-06-01,38.09,1626700.0,38.81,38.7,37.97
2006-06-02,38.64,1518100.0,39.4,38.81,38.5
2006-06-05,38.51,1747100.0,38.74,38.13,38.06
2006-06-06,38.15,1776100.0,38.61,38.1,37.73
2006-06-07,38.265,1741500.0,38.62,38.41,38.13
2006-06-08,38.41,1739800.0,38.86,38.82,37.86
2006-06-09,38.675,1964800.0,39.05,38.97,38.61
2006-06-12,38.67,1035200.0,39.0,38.36,38.35
2006-06-13,38.47,2639700.0,38.75,38.13,38.05
2006-06-14,38.16,4366100.0,38.17,36.87,36.42
2006-06-15,37.6,4430900.0,38.03,37.98,37.09
2006-06-16,37.92,3152700.0,37.94,37.54,37.37
2006-06-19,37.56,2309000.0,37.93,37.11,37.05
2006-06-20,37.0,1652900.0,37.61,37.26,36.97
2006-06-21,37.26,2102100.0,37.35,36.91,36.85
2006-06-22,36.75,1684000.0,36.941,36.73,36.52
2006-06-23,36.51,2496100.0,36.68,36.35,35.86
2006-06-26,36.44,1807100.0,36.86,36.8,36.44
2006-06-27,36.71,1206900.0,36.95,36.51,36.5
2006-06-28,36.5,1184300.0,36.72,36.28,36.26
2006-06-29,36.54,3050700.0,37.21,37.17,36.37
2006-06-30,37.24,2361700.0,37.33,36.95,36.77
2006-07-03,37.03,488900.0,37.19,37.1,36.8
2006-07-05,36.935,1685100.0,37.0,36.47,36.3
2006-07-06,36.465,2141500.0,37.32,37.12,36.46
2006-07-07,36.965,999000.0,37.36,36.85,36.75
2006-07-10,36.955,1010800.0,37.26,37.06,36.85
2006-07-11,36.97,1737500.0,37.57,37.46,36.56
2006-07-12,37.295,1758400.0,37.34,36.63,36.62
2006-07-13,36.43,1291500.0,36.77,36.5,36.33
2006-07-14,36.37,1199900.0,36.5,36.25,35.95
2006-07-17,36.56,841200.0,36.86,36.82,36.16
2006-07-18,36.75,1308100.0,37.0,36.71,36.36
2006-07-19,37.0,2386900.0,37.94,37.69,36.86
2006-07-20,38.0,3852100.0,38.16,37.79,37.71
2006-07-21,38.07,2367600.0,38.17,37.89,37.37
2006-07-24,37.94,2180200.0,38.53,38.38,37.87
2006-07-25,38.14,2134200.0,38.38,37.93,37.75
2006-07-26,37.93,1478900.0,38.16,37.99,37.71
2006-07-27,38.0,1618600.0,38.06,37.62,37.49
2006-07-28,37.61,1614600.0,38.62,38.5,37.56
2006-07-31,38.27,1522600.0,38.47,38.14,38.0
2006-08-01,38.0,1247000.0,38.27,38.22,37.92
2006-08-02,38.32,1076200.0,38.32,38.08,37.99
2006-08-03,38.08,1409500.0,38.44,38.35,38.01
2006-08-04,38.54,4003000.0,39.14,39.01,38.47
2006-08-07,38.93,1428700.0,39.2649,39.21,38.88
2006-08-08,39.35,3225000.0,39.81,39.4,39.34
2006-08-09,39.6,2268800.0,39.76,39.33,39.27
2006-08-10,39.34,1779100.0,39.45,39.19,38.96
2006-08-11,39.12,1195200.0,39.2,39.16,38.77
2006-08-14,39.18,967500.0,39.33,39.13,38.95
2006-08-15,39.6194,1276900.0,39.71,39.68,39.31
2006-08-16,39.81,1832000.0,40.15,40.11,39.66
2006-08-17,40.18,1859700.0,40.18,39.93,39.555
2006-08-18,40.17,1300300.0,40.17,39.93,39.75
2006-08-21,39.78,1135900.0,39.95,39.82,39.69
2006-08-22,39.75,1641900.0,39.81,39.5,39.48
2006-08-23,39.59,1196600.0,39.74,39.38,39.33
2006-08-24,39.55,1025500.0,39.79,39.51,39.45
2006-08-25,39.33,1205100.0,39.7,39.45,39.33
2006-08-28,39.36,1326400.0,39.65,39.48,39.25
2006-08-29,39.41,2029500.0,39.69,39.32,39.07
2006-08-30,39.42,804000.0,39.54,39.3,39.03
2006-08-31,39.16,1557200.0,39.4,39.34,38.94
2006-09-01,39.5,937200.0,39.63,39.47,39.34
2006-09-05,39.31,972400.0,39.52,39.32,39.2
2006-09-06,39.335,1162800.0,39.5,39.18,39.15
2006-09-07,39.07,1771300.0,39.27,38.8,38.77
2006-09-08,38.98,1917300.0,39.18,39.05,38.51
2006-09-11,38.87,1734000.0,39.08,38.79,38.66
2006-09-12,38.21,2765600.0,39.25,39.08,38.05
2006-09-13,38.94,1474700.0,39.15,39.03,38.9
2006-09-14,38.11,2293400.0,38.94,38.81,38.0
2006-09-15,38.68,3034500.0,38.92,38.71,38.48
2006-09-18,38.65,2065900.0,38.74,38.29,38.22
2006-09-19,38.26,1840500.0,38.41,38.07,37.94
2006-09-20,38.26,1429600.0,38.69,38.61,38.07
2006-09-21,38.71,1166800.0,38.72,38.17,38.12
2006-09-22,38.07,1813100.0,38.66,38.55,38.07
2006-09-25,38.71,1862700.0,39.13,38.91,38.48
2006-09-26,39.04,2769400.0,39.51,39.37,38.75
2006-09-27,39.15,2141600.0,39.2,38.5,38.4
2006-09-28,38.68,1341900.0,38.69,38.53,38.25
2006-09-29,38.26,1473000.0,38.87,38.08,38.05
2006-10-02,38.01,1077000.0,38.23,38.1,37.97
2006-10-03,38.18,1357600.0,38.22,38.06,37.94
2006-10-04,37.91,1683800.0,38.74,38.67,37.91
2006-10-05,38.56,934700.0,38.72,38.4,38.29
2006-10-06,38.29,1320600.0,38.4,37.97,37.92
2006-10-09,37.76,1605200.0,38.77,38.64,37.75
2006-10-10,38.79,1819700.0,38.8,38.46,38.25
2006-10-11,38.371,1044900.0,38.76,38.59,38.3
2006-10-12,38.77,944700.0,38.91,38.8,38.61
2006-10-13,38.67,1915000.0,39.18,39.06,38.67
2006-10-16,38.96,1754000.0,39.18,39.01,38.77
2006-10-17,38.75,2845000.0,39.22,39.21,38.55
2006-10-18,39.35,1679000.0,39.61,39.28,39.02
2006-10-19,39.06,3398100.0,39.35,39.19,38.59
2006-10-20,39.2,2137900.0,39.41,39.37,38.71
2006-10-23,39.29,2085800.0,39.57,39.52,39.25
2006-10-24,39.42,1537000.0,39.54,39.44,39.2
2006-10-25,39.65,1303900.0,39.7,39.46,39.14
2006-10-26,39.41,1841300.0,39.84,39.79,39.0
2006-10-27,39.58,1610900.0,39.72,39.53,39.49
2006-10-30,39.65,1166800.0,39.99,39.72,39.43
2006-10-31,39.75,1612100.0,39.95,39.85,39.64
2006-11-01,39.9,1344900.0,40.0,39.58,39.54
2006-11-02,39.5,1318400.0,39.5,39.24,39.19
2006-11-03,39.46,1674800.0,39.79,39.51,39.25
2006-11-06,39.72,1612700.0,39.96,39.73,39.43
2006-11-07,39.76,1055100.0,40.0,39.73,39.65
2006-11-08,39.75,1642900.0,40.31,40.26,39.65
2006-11-09,40.18,2129800.0,40.5,40.37,40.16
2006-11-10,40.44,1253200.0,40.5,40.2,39.94
2006-11-13,40.26,1586300.0,40.72,40.46,40.2
2006-11-14,40.48,1641400.0,40.68,40.58,40.2
2006-11-15,40.55,1476200.0,40.9,40.53,40.33
2006-11-16,40.52,1445600.0,41.0,40.91,40.48
2006-11-17,40.76,1215000.0,40.91,40.79,40.7
2006-11-20,40.68,915800.0,41.0,40.86,40.68
2006-11-21,39.92,3075600.0,40.4,40.26,39.9
2006-11-22,40.19,2300800.0,40.36,40.0,39.97
2006-11-24,39.8,1122600.0,40.09,39.93,39.78
2006-11-27,39.82,2501400.0,40.0,39.36,39.32
2006-11-28,39.145,2862400.0,39.38,39.12,38.96
2006-11-29,39.25,1777800.0,39.52,39.42,39.14
2006-11-30,39.275,2049600.0,39.59,39.43,39.05
2006-12-01,39.49,1305600.0,39.56,39.33,39.14
2006-12-04,39.56,1214700.0,39.95,39.94,39.41
2006-12-05,39.93,1608200.0,40.02,40.0,39.59
2006-12-06,40.07,930300.0,40.13,39.92,39.86
2006-12-07,40.03,934300.0,40.03,39.63,39.62
2006-12-08,39.51,1167600.0,39.92,39.71,39.51
2006-12-11,39.71,1323600.0,40.01,39.93,39.68
2006-12-12,39.95,1591000.0,40.23,40.14,39.85
2006-12-13,40.11,1575600.0,40.52,40.4,40.11
2006-12-14,40.54,1787600.0,40.71,40.63,40.3
2006-12-15,40.605,3165000.0,40.95,40.87,40.6
2006-12-18,40.86,1283600.0,40.96,40.94,40.71
2006-12-19,40.94,1445400.0,41.0,40.95,40.77
2006-12-20,40.88,1136300.0,41.0,40.98,40.8
2006-12-21,41.0,1552700.0,41.36,41.19,40.95
2006-12-22,41.2,1023100.0,41.23,40.9,40.82
2006-12-26,40.9,750700.0,41.22,41.19,40.88
2006-12-27,41.37,1482100.0,41.5,41.44,41.13
2006-12-28,41.32,782900.0,41.57,41.38,41.23
2006-12-29,41.0,1341700.0,41.13,40.93,40.63
2007-01-03,41.05,1899700.0,41.41,40.98,40.76
2007-01-04,40.96,1580000.0,41.07,40.99,40.62
2007-01-05,40.81,3162700.0,40.84,40.18,39.94
2007-01-08,40.07,3109500.0,40.11,39.92,39.62
2007-01-09,40.1,1383200.0,40.24,40.0,39.73
2007-01-10,39.93,1296300.0,40.0,39.9,39.73
2007-01-11,39.91,1196600.0,40.1,39.93,39.86
2007-01-12,39.83,1670700.0,40.24,40.03,39.68
2007-01-16,40.23,2376600.0,40.37,40.35,39.9
2007-01-17,40.36,3080500.0,40.36,39.64,39.49
2007-01-18,39.7,4138600.0,40.74,39.9,39.12
2007-01-19,40.0,2882400.0,40.0,39.59,39.07
2007-01-22,39.41,2072000.0,39.47,39.2,39.1
2007-01-23,39.2,1294800.0,39.27,39.09,39.02
2007-01-24,39.19,1986900.0,39.38,39.38,39.04
2007-01-25,39.3,1557200.0,39.33,38.91,38.86
2007-01-26,38.9,3348400.0,39.21,39.11,38.86
2007-01-29,39.27,3337500.0,39.37,39.09,38.98
2007-01-30,39.07,1668100.0,39.34,39.3,38.86
2007-01-31,39.2,3093400.0,39.93,39.9,39.16
2007-02-01,39.9,2793400.0,40.26,40.24,39.81
2007-02-02,40.14,1978100.0,40.47,40.33,40.07
2007-02-05,40.37,1669900.0,40.572,40.33,40.23
2007-02-06,40.37,1620500.0,40.81,40.53,40.35
2007-02-07,40.66,1781500.0,41.0,40.91,40.61
2007-02-08,40.74,1921900.0,40.81,40.39,40.36
2007-02-09,40.48,3076800.0,40.59,40.46,40.22
2007-02-12,40.5,2451800.0,40.92,40.75,40.5
2007-02-13,40.93,2072400.0,41.06,41.05,40.67
2007-02-14,41.06,2160300.0,41.27,41.11,40.74
2007-02-15,41.04,1614500.0,41.18,40.97,40.81
2007-02-16,40.85,1682500.0,41.12,40.98,40.825
2007-02-20,40.96,1596900.0,41.3,41.2,40.91
2007-02-21,41.08,2475700.0,41.12,40.8,40.67
2007-02-22,40.93,1571100.0,40.98,40.68,40.43
2007-02-23,40.89,1645900.0,40.94,40.58,40.33
2007-02-26,41.12,2152800.0,41.2,40.65,40.44
2007-02-27,40.51,4249800.0,40.65,39.72,39.57
2007-02-28,39.72,3913500.0,40.41,40.28,39.69
2007-03-01,39.76,5040800.0,40.25,40.11,39.0
2007-03-02,40.0,2940000.0,40.4,39.99,39.94
2007-03-05,39.78,2449000.0,39.92,39.39,39.37
2007-03-06,39.6,2030200.0,40.2,40.15,39.46
2007-03-07,40.0,2037900.0,40.0,39.59,39.58
2007-03-08,39.99,2416200.0,40.33,40.08,39.82
2007-03-09,40.35,2806800.0,40.5,39.96,39.96
2007-03-12,39.7,1764500.0,40.25,40.22,39.66
2007-03-13,40.04,4512500.0,40.07,38.66,38.66
2007-03-14,38.81,4103100.0,39.01,38.96,37.93
2007-03-15,38.97,2074300.0,39.51,39.39,38.82
2007-03-16,39.6601,3524100.0,39.72,39.35,39.19
2007-03-19,39.35,3640600.0,39.74,39.48,39.35
2007-03-20,39.49,3771500.0,39.68,39.61,39.39
2007-03-21,39.51,4932300.0,40.57,40.45,39.33
2007-03-22,40.5,1824200.0,40.51,40.13,40.02
2007-03-23,40.065,1098800.0,40.39,40.13,40.02
2007-03-26,40.15,3274900.0,40.16,40.07,39.58
2007-03-27,39.84,2643000.0,40.03,39.76,39.68
2007-03-28,39.27,3378700.0,39.5,38.71,38.68
2007-03-29,39.05,2420600.0,39.25,38.99,38.7
2007-03-30,38.94,2441900.0,39.11,38.69,38.26
2007-04-02,38.59,2857000.0,38.59,38.1,37.88
2007-04-03,38.24,2051600.0,38.67,38.6,38.16
2007-04-04,38.8,1859200.0,38.8,38.65,38.47
2007-04-05,38.81,2501300.0,38.94,38.8,38.51
2007-04-09,38.755,2246700.0,38.79,38.27,38.14
2007-04-10,38.27,1947000.0,38.66,38.6,38.26
2007-04-11,38.66,2941500.0,38.69,38.41,38.14
2007-04-12,38.26,3261500.0,38.34,38.26,37.95
2007-04-13,38.26,3512000.0,38.6,38.43,38.1
2007-04-16,38.52,5048200.0,39.85,39.33,38.46
2007-04-17,39.23,2671000.0,39.47,39.11,39.06
2007-04-18,39.1,4301300.0,39.81,39.63,38.92
2007-04-19,39.59,4769500.0,40.3,40.04,39.21
2007-04-20,40.01,5666200.0,40.24,40.16,39.68
2007-04-23,40.18,4029700.0,40.3,40.1,40.04
2007-04-24,40.09,4387300.0,40.21,39.89,39.73
2007-04-25,40.13,3538600.0,40.52,40.41,39.88
2007-04-26,40.34,3489200.0,40.88,40.67,40.27
2007-04-27,40.61,2770800.0,40.94,40.84,40.26
2007-04-30,41.0,3403800.0,41.06,40.59,40.5
2007-05-01,40.58,3979000.0,40.96,40.79,40.3
2007-05-02,40.87,2502100.0,41.05,40.91,40.75
2007-05-03,41.07,2528400.0,41.29,41.28,40.82
2007-05-04,41.32,2471700.0,41.34,41.12,40.99
2007-05-07,41.26,2074700.0,41.58,41.55,41.12
2007-05-08,41.26,2368400.0,41.53,41.26,41.14
2007-05-09,41.26,2037400.0,41.6401,41.46,41.19
2007-05-10,41.41,2270200.0,41.44,40.84,40.84
2007-05-11,41.22,1975200.0,41.49,41.12,40.72
2007-05-14,41.18,1532900.0,41.25,40.88,40.73
2007-05-15,40.88,2752900.0,41.43,40.79,40.76
2007-05-16,40.77,2091100.0,41.4,41.38,40.75
2007-05-17,41.23,2872100.0,41.34,41.01,40.92
2007-05-18,41.18,2928400.0,41.24,41.16,41.01
2007-05-21,41.0,2346600.0,41.55,41.38,40.92
2007-05-22,41.26,2970100.0,41.63,41.44,40.74
2007-05-23,41.6,8843500.0,43.32,42.83,41.36
2007-05-24,42.53,5784800.0,42.75,42.59,41.9
2007-05-25,42.81,2810000.0,42.97,42.93,42.38
2007-05-29,42.21,4038500.0,42.83,42.4,42.09
2007-05-30,42.27,3369800.0,42.87,42.78,42.0
2007-05-31,42.8,3807900.0,42.98,42.36,42.28
2007-06-01,42.54,2643600.0,42.86,42.78,42.44
2007-06-04,42.64,2061600.0,42.75,42.66,42.46
2007-06-05,42.5,2827400.0,42.55,42.13,41.92
2007-06-06,42.08,2950600.0,42.08,41.78,41.71
2007-06-07,41.54,5958000.0,41.88,41.54,41.18
2007-06-08,41.45,4675700.0,42.46,42.39,41.28
2007-06-11,42.24,2711000.0,42.74,42.62,41.96
2007-06-12,42.56,4845100.0,42.75,42.29,42.17
2007-06-13,42.32,3933800.0,42.95,42.95,42.3
2007-06-14,42.96,2195700.0,42.98,42.55,42.4
2007-06-15,42.89,3585300.0,43.0,42.75,42.66
2007-06-18,42.85,2743200.0,42.93,42.77,42.55
2007-06-19,42.79,1829000.0,43.11,43.06,42.69
2007-06-20,43.18,2721800.0,43.2,42.37,42.35
2007-06-21,42.37,3201400.0,42.54,42.28,41.77
2007-06-22,42.12,6135700.0,42.23,41.35,41.25
2007-06-25,41.38,3627400.0,41.83,41.03,40.95
2007-06-26,41.32,3544400.0,41.34,40.85,40.84
2007-06-27,40.33,4228200.0,40.68,40.59,39.96
2007-06-28,40.45,3508900.0,40.59,40.27,40.18
2007-06-29,40.22,4303300.0,40.46,39.77,39.51
2007-07-02,40.06,2408800.0,40.57,40.37,39.96
2007-07-03,40.55,1715900.0,40.84,40.66,40.44
2007-07-05,40.54,1993000.0,40.71,40.28,40.07
2007-07-06,40.15,1971900.0,40.24,40.08,39.96
2007-07-09,40.06,3950800.0,40.07,39.76,39.64
2007-07-10,39.52,5327900.0,39.56,38.75,38.75
2007-07-11,38.75,2785200.0,39.08,38.99,38.66
2007-07-12,39.19,4073100.0,40.49,40.47,38.99
2007-07-13,40.28,4492500.0,40.95,40.79,40.22
2007-07-16,40.59,2617400.0,41.0,40.5,40.49
2007-07-17,40.37,3587700.0,41.01,40.65,40.36
2007-07-18,40.53,4885900.0,40.64,40.11,39.74
2007-07-19,40.54,3404600.0,40.54,39.55,39.34
2007-07-20,39.27,5194200.0,39.5,38.69,38.22
2007-07-23,39.62,3571100.0,39.75,38.78,38.71
2007-07-24,38.44,4713400.0,38.49,37.54,37.465
2007-07-25,37.67,5043200.0,38.46,38.23,37.35
2007-07-26,37.8,5432200.0,37.88,37.18,36.51
2007-07-27,37.41,4266400.0,37.69,36.78,36.77
2007-07-30,36.52,5724000.0,38.44,38.07,36.42
2007-07-31,38.12,5373700.0,38.79,36.89,36.83
2007-08-01,36.64,5427000.0,37.25,37.19,36.02
2007-08-02,37.09,3385400.0,37.86,37.48,37.0
2007-08-03,37.56,4744000.0,37.64,36.09,36.08
2007-08-06,36.38,5638200.0,38.94,38.82,35.93
2007-08-07,38.39,5405900.0,39.99,39.53,37.89
2007-08-08,39.57,6861900.0,41.17,40.1,37.71
2007-08-09,37.85,5531000.0,39.72,38.61,37.09
2007-08-10,38.36,5464500.0,40.13,39.22,37.85
2007-08-13,39.54,3748900.0,39.75,37.61,37.5
2007-08-14,37.59,3111500.0,37.93,37.42,37.03
2007-08-15,37.35,4780600.0,38.81,37.38,37.3
2007-08-16,35.98,14401100.0,37.5,36.39,35.27
2007-08-17,37.77,8053200.0,41.12,38.03,37.06
2007-08-20,38.01,6484800.0,38.48,36.91,36.48
2007-08-21,36.9,5237600.0,37.48,37.2,36.8
2007-08-22,37.53,4057100.0,37.85,37.15,36.51
2007-08-23,37.53,2109500.0,37.68,37.01,36.69
2007-08-24,36.92,2968000.0,37.25,37.01,36.61
2007-08-27,36.75,2600700.0,37.0,36.4,36.38
2007-08-28,36.17,3712500.0,36.2,35.36,35.31
2007-08-29,35.645,2787700.0,36.33,36.27,35.06
2007-08-30,35.9,3092400.0,36.11,35.42,35.25
2007-08-31,35.82,2523800.0,36.12,35.69,35.18
2007-09-04,35.55,3141500.0,35.91,35.69,35.29
2007-09-05,35.39,4491700.0,35.41,34.73,34.36
2007-09-06,34.95,3613400.0,35.32,35.25,34.64
2007-09-07,34.83,3220500.0,35.29,34.79,34.42
2007-09-10,34.88,2330800.0,35.45,35.06,34.41
2007-09-11,35.06,4148700.0,35.8,34.8,34.51
2007-09-12,34.77,3001500.0,34.83,34.42,34.32
2007-09-13,34.68,3812400.0,34.89,34.41,34.21
2007-09-14,34.54,3057200.0,34.83,34.77,34.19
2007-09-17,34.63,1625400.0,34.87,34.72,34.43
2007-09-18,34.86,4307500.0,36.64,36.64,34.8
2007-09-19,36.97,3265900.0,37.82,36.5,36.23
2007-09-20,36.37,2950300.0,36.7,35.41,35.35
2007-09-21,35.85,4967300.0,35.88,35.23,34.8
2007-09-24,35.14,2667700.0,35.3,34.61,34.6
2007-09-25,34.5,2654000.0,34.86,34.8399,34.22
2007-09-26,34.78,2402200.0,34.81,34.21,34.08
2007-09-27,34.22,1496000.0,34.48,34.22,34.03
2007-09-28,34.15,2507000.0,34.35,33.88,33.6
2007-10-01,33.83,2814400.0,34.4,34.31,33.67
2007-10-02,34.55,2094200.0,34.79,34.55,34.33
2007-10-03,34.52,3023000.0,35.02,34.68,34.26
2007-10-04,34.84,2522800.0,35.04,34.89,34.73
2007-10-05,35.16,2212400.0,35.34,35.08,34.71
2007-10-08,34.97,1929100.0,35.22,34.95,34.81
2007-10-09,35.0,2469300.0,35.18,35.06,34.77
2007-10-10,34.97,3277500.0,35.06,34.16,34.15
2007-10-11,34.31,4066800.0,34.43,33.68,33.61
2007-10-12,33.71,5777400.0,33.86,33.0399,32.91
2007-10-15,33.13,4447400.0,33.4,32.64,32.42
2007-10-16,32.65,8225800.0,32.74,31.13,31.05
2007-10-17,31.51,11639800.0,31.63,31.0,30.53
2007-10-18,30.9,4827300.0,30.94,30.48,30.1
2007-10-19,31.3,7902500.0,31.33,29.97,29.97
2007-10-22,30.0,3824500.0,30.2,29.9,29.57
2007-10-23,30.19,5270800.0,30.59,29.98,29.57
2007-10-24,29.5,7835400.0,29.81,29.27,28.575
2007-10-25,29.22,8877400.0,29.93,29.15,28.97
2007-10-26,29.59,7426200.0,29.74,29.62,29.08
2007-10-29,29.7,5802400.0,29.98,29.7,29.42
2007-10-30,29.59,12262700.0,30.72,30.66,29.53
2007-10-31,30.73,10703200.0,31.52,31.28,30.67
2007-11-01,30.82,7486100.0,30.9,29.92,29.82
2007-11-02,29.79,7120000.0,30.41,29.84,29.3
2007-11-05,29.74,4572400.0,29.89,29.59,29.1
2007-11-06,29.6,5033800.0,29.95,29.73,29.0
2007-11-07,29.24,6208500.0,29.29,27.78,27.72
2007-11-08,27.81,9258000.0,28.53,28.46,27.43
2007-11-09,27.97,4853800.0,29.47,28.83,27.8
2007-11-12,28.89,6910500.0,29.94,28.99,28.66
2007-11-13,29.25,5195400.0,29.94,29.91,29.03
2007-11-14,30.08,3686600.0,30.47,29.15,29.05
2007-11-15,28.82,4363200.0,29.23,28.18,27.97
2007-11-16,28.13,4669400.0,28.45,27.81,27.59
2007-11-19,27.75,4820000.0,27.91,27.51,27.0
2007-11-20,27.39,4786300.0,28.12,27.35,26.5
2007-11-21,27.27,5193500.0,27.88,27.16,26.7901
2007-11-23,27.24,1700200.0,28.29,28.04,27.16
2007-11-26,28.1,4122700.0,28.2,26.23,26.23
2007-11-27,26.35,6772700.0,27.45,27.36,26.34
2007-11-28,27.77,6111700.0,29.23,29.07,27.7
2007-11-29,28.85,4324300.0,28.99,28.64,28.19
2007-11-30,29.35,6892700.0,30.16,29.91,29.27
2007-12-03,29.9,4739300.0,30.7,29.98,29.5
2007-12-04,29.75,3255700.0,29.84,28.65,28.65
2007-12-05,28.88,3916000.0,29.07,28.99,28.42
2007-12-06,28.81,4776700.0,30.0,29.99,28.57
2007-12-07,30.14,3286000.0,30.25,29.78,29.58
2007-12-10,29.78,6791300.0,31.21,31.01,29.42
2007-12-11,31.03,5220300.0,31.11,28.77,28.76
2007-12-12,29.18,8435100.0,29.59,27.03,26.51
2007-12-13,26.86,5051600.0,27.68,27.59,26.61
2007-12-14,27.22,4334000.0,27.52,26.6,26.57
2007-12-17,26.43,4497600.0,27.18,26.59,26.129
2007-12-18,26.77,5864200.0,26.97,26.56,26.03
2007-12-19,26.0,6878500.0,26.07,25.53,25.38
2007-12-20,25.53,5212700.0,26.12,25.73,25.11
2007-12-21,26.09,7580000.0,27.07,27.06,25.48
2007-12-24,27.28,2134800.0,27.28,27.02,26.49
2007-12-26,26.78,3039200.0,26.93,26.58,26.26
2007-12-27,26.3,4435000.0,26.34,25.19,25.14
2007-12-28,25.41,3816700.0,25.69,25.24,24.82
2007-12-31,25.0,3613900.0,25.39,25.13,24.91
2008-01-02,24.95,4449800.0,25.09,24.41,24.33
2008-01-03,24.7,3729200.0,24.93,24.57,24.4
2008-01-04,24.52,9934600.0,24.52,23.78,23.29
2008-01-07,23.81,7895000.0,24.06,23.23,22.96
2008-01-08,23.25,6595100.0,23.6,22.56,22.53
2008-01-09,22.54,8090800.0,23.17,23.16,22.09
2008-01-10,23.0,9204200.0,24.18,23.69,22.46
2008-01-11,23.38,6799100.0,24.86,24.36,23.12
2008-01-14,24.61,4302300.0,24.72,23.82,23.45
2008-01-15,23.25,6153000.0,23.41,22.91,22.57
2008-01-16,23.01,9091300.0,24.51,24.06,22.78
2008-01-17,23.85,6795600.0,24.43,23.09,22.93
2008-01-18,22.97,8978300.0,23.78,22.6,22.15
2008-01-22,20.98,11044200.0,24.88,23.53,20.8
2008-01-23,22.94,10793000.0,25.81,25.16,22.08
2008-01-24,25.41,7595200.0,25.73,25.21,24.6
2008-01-25,25.57,6880800.0,25.98,24.49,24.35
2008-01-28,24.33,5623700.0,25.751,25.75,23.96
2008-01-29,26.1,7613000.0,26.67,26.47,25.97
2008-01-30,26.32,6400000.0,27.18,26.06,25.99
2008-01-31,25.64,7806500.0,27.52,27.1,25.0
2008-02-01,27.1,6074100.0,28.1,28.06,26.72
2008-02-04,28.06,7210100.0,28.58,27.09,26.92
2008-02-05,26.7,5720200.0,26.84,25.75,25.74
2008-02-06,26.01,5111500.0,26.68,26.05,25.56
2008-02-07,26.0,6321700.0,27.1,26.38,25.78
2008-02-08,26.04,5090100.0,26.19,25.67,25.0
2008-02-11,25.67,3876000.0,25.67,24.99,24.76
2008-02-12,25.21,6053200.0,26.41,26.05,25.08
2008-02-13,26.44,3810500.0,26.61,26.0,25.49
2008-02-14,26.06,3580700.0,26.06,25.14,25.08
2008-02-15,25.35,4793900.0,25.66,25.62,24.51
2008-02-19,25.95,5647000.0,25.99,24.61,24.35
2008-02-20,24.3,6451700.0,24.95,24.82,23.9
2008-02-21,24.86,3573400.0,25.18,24.26,24.12
2008-02-22,24.37,4737200.0,24.81,24.72,23.85
2008-02-25,24.78,4025900.0,25.0,24.94,24.06
2008-02-26,24.8,4517900.0,25.43,25.08,24.53
2008-02-27,24.85,3991300.0,25.47,24.94,24.63
2008-02-28,24.81,4785600.0,24.81,24.05,23.71
2008-02-29,23.63,7943900.0,23.83,22.9,22.72
2008-03-03,22.96,5663100.0,23.25,22.92,22.35
2008-03-04,22.75,6037500.0,23.03,22.9,21.88
2008-03-05,22.95,7528500.0,23.24,22.36,21.99
2008-03-06,22.15,4587700.0,22.21,21.72,21.69
2008-03-07,21.33,6744400.0,22.68,22.0,21.23
2008-03-10,22.02,7036000.0,22.55,22.0,21.58
2008-03-11,22.8,9231500.0,24.22,24.12,22.41
2008-03-12,24.11,8287700.0,24.88,23.06,22.92
2008-03-13,22.49,8784300.0,23.18,22.82,21.75
2008-03-14,22.75,12333900.0,23.47,21.84,21.5
2008-03-17,21.15,12153600.0,21.61,21.12,20.25
2008-03-18,21.6,9582700.0,22.36,22.29,20.9
2008-03-19,22.29,7943200.0,23.11,21.82,20.6
2008-03-20,21.97,9763600.0,23.37,23.35,21.59
2008-03-24,23.5,5513500.0,24.6,23.68,23.35
2008-03-25,23.9,4940900.0,23.9,23.25,23.05
2008-03-26,22.96,6846000.0,22.99,22.38,22.33
2008-03-27,22.4,7920800.0,22.4,21.33,21.16
2008-03-28,21.42,6395600.0,21.651,20.82,20.73
2008-03-31,20.82,6014400.0,21.45,20.92,20.59
2008-04-01,21.42,5799000.0,22.5,22.49,21.42
2008-04-02,22.83,8016200.0,23.64,22.63,22.49
2008-04-03,22.82,6037500.0,22.82,22.55,22.0
2008-04-04,22.61,7954500.0,23.06,22.71,22.49
2008-04-07,22.7,7258100.0,23.45,23.12,22.52
2008-04-08,22.51,6805900.0,23.12,22.11,22.0
2008-04-09,22.3,4842700.0,22.49,21.64,21.58
2008-04-10,21.48,8793000.0,21.92,21.36,21.08
2008-04-11,20.94,11606800.0,21.41,20.86,20.81
2008-04-14,20.74,16205400.0,20.87,19.02,18.96
2008-04-15,19.15,12447500.0,19.74,19.26,18.93
2008-04-16,19.44,8979500.0,20.49,20.1,19.41
2008-04-17,19.77,9037100.0,20.66,20.54,19.42
2008-04-18,21.74,8328500.0,22.66,20.95,20.78
2008-04-21,20.9,10233000.0,20.9,19.38,19.38
2008-04-22,19.5,13293200.0,21.09,20.93,19.47
2008-04-23,21.28,10017300.0,21.34,19.9,19.59
2008-04-24,19.94,10458900.0,21.45,21.25,19.94
2008-04-25,21.36,7019500.0,21.87,21.78,20.92
2008-04-28,21.9,6390300.0,22.23,22.01,21.4
2008-04-29,22.06,4526300.0,22.18,21.72,21.6
2008-04-30,21.6,6877900.0,22.1,21.43,21.28
2008-05-01,21.59,7494200.0,22.86,22.61,21.28
2008-05-02,23.25,5890000.0,23.75,22.65,22.43
2008-05-05,22.64,5192900.0,22.97,22.19,22.18
2008-05-06,21.81,5803800.0,22.57,22.46,21.43
2008-05-07,22.4,7004700.0,22.59,21.85,21.59
2008-05-08,21.94,8381600.0,21.94,20.9,20.81
2008-05-09,20.76,5767500.0,21.47,20.77,20.52
2008-05-12,20.89,3747000.0,21.33,21.26,20.88
2008-05-13,21.4,5805800.0,21.47,20.73,20.66
2008-05-14,20.7,3941600.0,21.18,20.95,20.7
2008-05-15,20.86,5362800.0,21.18,21.11,20.44
2008-05-16,21.1,4451900.0,21.12,20.48,20.35
2008-05-19,20.46,3988900.0,20.91,20.47,20.33
2008-05-20,20.3,4601100.0,20.43,19.99,19.82
2008-05-21,19.93,8794900.0,20.24,19.72,19.7191
2008-05-22,19.64,4815700.0,20.18,19.88,19.51
2008-05-23,19.68,4334400.0,19.81,19.26,19.25
2008-05-27,19.3,7074800.0,19.7,19.55,19.19
2008-05-28,19.59,10477700.0,19.6,18.85,18.48
2008-05-29,18.7,6580300.0,19.42,19.22,18.49
2008-05-30,19.07,9831800.0,19.14,18.7,18.59
2008-06-02,18.53,14542700.0,18.76,17.99,17.91
2008-06-03,18.01,14827200.0,18.04,17.35,17.26
2008-06-04,17.37,14321600.0,18.02,17.42,17.33
2008-06-05,17.77,13708400.0,17.98,17.56,17.4
2008-06-06,17.41,13290600.0,17.5,16.74,16.48
2008-06-09,16.78,17110800.0,16.94,16.78,16.48
2008-06-10,16.54,21625700.0,17.13,16.43,16.1901
2008-06-11,16.46,22282500.0,16.63,15.34,15.33
2008-06-12,15.45,20734500.0,16.0,14.69,14.48
2008-06-13,14.1,31227500.0,14.19,13.17,12.09
2008-06-16,13.03,15626600.0,13.76,13.56,12.93
2008-06-17,13.79,18729400.0,13.99,12.73,12.67
2008-06-18,10.73,104273700.0,11.2,9.26,9.23
2008-06-19,9.25,90670400.0,9.86,9.75,8.96
2008-06-20,10.31,53331600.0,10.76,10.11,9.57
2008-06-23,10.15,27241100.0,10.42,10.05,9.81
2008-06-24,10.1,23618400.0,10.49,10.16,9.8
2008-06-25,10.35,28310100.0,11.19,10.3,10.26
2008-06-26,10.07,25427600.0,10.55,10.31,9.9
2008-06-27,10.25,21031200.0,10.67,10.23,10.1
2008-06-30,10.29,24384500.0,10.4,10.18,9.74
2008-07-01,9.89,20354900.0,10.9,10.61,9.88
2008-07-02,11.23,26023800.0,11.47,10.65,10.64
2008-07-03,10.655,10525900.0,10.91,10.56,10.4
2008-07-07,10.7,18014300.0,10.99,10.31,9.94
2008-07-08,10.48,24368400.0,11.61,11.61,10.4
2008-07-09,11.61,21383700.0,12.06,11.1,11.0318
2008-07-10,11.37,22909100.0,12.03,11.84,10.97
2008-07-11,11.31,25020400.0,12.77,12.48,11.29
2008-07-14,11.31,36890800.0,13.08,11.16,11.1
2008-07-15,10.69,40290700.0,11.27,10.44,9.1
2008-07-16,10.69,30548900.0,12.15,12.14,10.62
2008-07-17,12.43,28280300.0,13.93,13.76,11.7
2008-07-18,13.84,18041300.0,13.87,13.53,12.981
2008-07-21,13.95,17779200.0,14.25,13.39,13.31
2008-07-22,13.24,28831900.0,14.95,14.95,12.56
2008-07-23,14.22,31783200.0,15.14,14.65,14.15
2008-07-24,14.56,19204600.0,14.84,13.59,13.45
2008-07-25,13.755,14663700.0,14.23,13.72,13.28
2008-07-28,13.25,13180200.0,13.99,12.94,12.8
2008-07-29,13.155,17325400.0,14.23,14.18,12.66
2008-07-30,14.44,15146700.0,14.71,14.24,13.34
2008-07-31,13.9,11878600.0,14.62,13.97,13.72
2008-08-01,14.18,10378100.0,14.22,13.99,13.61
2008-08-04,14.23,8778500.0,14.24,13.97,13.37
2008-08-05,14.14,13912800.0,15.01,14.98,13.86
2008-08-06,14.6,14115900.0,15.5,15.05,14.46
2008-08-07,14.87,18827600.0,15.33,15.0,14.47
2008-08-08,15.29,10866100.0,15.85,15.68,14.93
2008-08-11,15.73,13493300.0,16.47,16.1,15.4
2008-08-12,15.78,12208100.0,16.09,14.8,14.61
2008-08-13,14.94,20109200.0,14.99,14.08,13.92
2008-08-14,13.9,8941800.0,15.02,14.75,13.88
2008-08-15,14.88,9020100.0,15.56,15.07,14.82
2008-08-18,15.09,7554100.0,15.12,14.33,14.25
2008-08-19,13.91,14353700.0,14.15,13.72,13.66
2008-08-20,13.62,12179800.0,14.0,13.97,13.26
2008-08-21,13.83,7710800.0,14.28,14.12,13.51
2008-08-22,14.37,9673500.0,14.79,14.63,14.14
2008-08-25,14.58,8793000.0,14.6,14.17,14.16
2008-08-26,14.17,13661400.0,14.58,14.27,13.88
2008-08-27,14.39,13295700.0,15.21,15.1,14.21
2008-08-28,15.2,9964500.0,15.5,15.35,15.0
2008-08-29,15.41,8952500.0,16.08,15.78,15.11
2008-09-02,16.52,15864100.0,16.805,16.26,16.01
2008-09-03,16.5,10572200.0,16.59,16.41,15.75
2008-09-04,16.24,9499800.0,16.34,15.19,15.19
2008-09-05,15.07,12230100.0,16.25,16.16,14.81
2008-09-08,17.34,20964200.0,17.908,16.9,15.84
2008-09-09,16.36,16412500.0,17.0,15.93,15.9179
2008-09-10,15.86,25540700.0,15.86,14.85,14.67
2008-09-11,14.44,20281600.0,15.2,15.03,14.13
2008-09-12,14.83,11021900.0,15.45,15.31,14.67
2008-09-15,14.3,16346300.0,15.39,14.11,14.11
2008-09-16,13.77,20962800.0,15.5,15.45,13.17
2008-09-17,15.09,22557000.0,15.5,14.3,13.6
2008-09-18,14.74,31693300.0,16.17,15.96,12.9
2008-09-19,18.37,38788700.0,21.0,18.88,15.83
2008-09-22,18.0,9394700.0,18.5,17.0,16.75
2008-09-23,17.12,7883000.0,17.5,16.41,16.2
2008-09-24,16.92,6483700.0,17.22,16.53,16.28
2008-09-25,17.08,10429800.0,17.13,16.66,15.74
2008-09-26,15.05,11102200.0,16.49,16.16,15.05
2008-09-29,16.16,30199100.0,16.16,16.16,16.16
2008-09-30,10.7,19972800.0,13.05,11.9,10.5
2008-10-01,11.77,13228100.0,14.2,13.82,11.66
2008-10-02,13.7,10316300.0,13.85,13.35,12.59
2008-10-03,14.31,13319900.0,14.61,13.22,12.82
2008-10-06,12.25,12367800.0,13.22,12.16,10.69
2008-10-07,12.16,13992900.0,12.28,11.1,10.82
2008-10-08,10.75,13491400.0,13.21,12.01,10.0
2008-10-09,12.52,17643600.0,12.52,9.73,9.73
2008-10-10,9.61,23253700.0,11.45,10.4,9.5
2008-10-13,11.21,16165900.0,11.31,10.87,10.08
2008-10-14,12.5,30319100.0,14.75,13.21,12.2
2008-10-15,12.63,13504500.0,13.6,12.66,12.25
2008-10-16,12.98,10169500.0,13.07,12.86,11.6
2008-10-17,12.45,12001000.0,13.44,12.24,12.04
2008-10-20,12.27,7997000.0,12.5,12.23,11.88
2008-10-21,10.95,12580600.0,12.75,12.25,10.89
2008-10-22,11.85,10596000.0,12.42,11.81,11.39
2008-10-23,11.98,13908500.0,11.98,11.32,10.47
2008-10-24,9.98,26720400.0,10.9,8.07,7.8
2008-10-27,8.7,14471700.0,9.78,8.47,8.33
2008-10-28,9.07,17393500.0,10.8,10.76,8.12
2008-10-29,10.51,13021100.0,11.49,10.77,9.98
2008-10-30,11.33,9120900.0,11.49,10.16,9.91
2008-10-31,10.2,9755300.0,10.92,10.85,10.04
2008-11-03,11.195,10339500.0,11.79,11.5,10.92
2008-11-04,11.72,11183100.0,12.75,12.35,11.52
2008-11-05,12.26,9405500.0,12.95,11.07,11.02
2008-11-06,11.48,11401900.0,11.69,10.11,10.09
2008-11-07,10.34,7752200.0,10.71,10.69,10.03
2008-11-10,10.97,5669800.0,10.99,10.07,9.96
2008-11-11,9.82,8828000.0,10.19,10.0,9.54
2008-11-12,9.69,7546500.0,10.0,9.09,9.0
2008-11-13,9.43,15099100.0,10.46,10.45,8.99
2008-11-14,10.0,8018400.0,10.39,9.54,9.52
2008-11-17,9.195,7293800.0,9.75,9.14,9.1
2008-11-18,9.11,11229800.0,9.46,9.32,8.8
2008-11-19,9.0,10159500.0,9.4,8.41,8.41
2008-11-20,8.4,14443700.0,9.0,7.71,7.56
2008-11-21,8.08,18004700.0,8.55,7.49,6.32
2008-11-24,7.735,15597400.0,8.78,8.68,7.33
2008-11-25,9.07,12744100.0,9.2,9.13,8.6699
2008-11-26,8.72,7525600.0,9.36,9.28,8.58
2008-11-28,9.22,3473200.0,9.58,9.56,9.09
2008-12-01,9.04,7240900.0,9.22,8.1,8.0
2008-12-02,8.27,11401100.0,8.645,8.55,7.93
2008-12-03,8.0,15207400.0,8.65,7.9,7.77
2008-12-04,7.74,9485900.0,8.31,7.61,7.55
2008-12-05,7.58,8072700.0,8.3,8.26,7.38
2008-12-08,8.73,9422400.0,8.94,8.33,8.17
2008-12-09,8.22,8981300.0,8.44,7.75,7.72
2008-12-10,7.86,7983100.0,8.05,7.73,7.5
2008-12-11,7.54,14105700.0,7.81,7.56,7.35
2008-12-12,7.24,10126000.0,7.84,7.82,7.21
2008-12-15,7.75,8823700.0,7.8,7.31,7.18
2008-12-16,7.43,8218800.0,8.05,7.99,7.4
2008-12-17,7.53,14837600.0,7.76,7.51,7.36
2008-12-18,7.55,12821500.0,7.72,7.61,7.5
2008-12-19,7.76,13655800.0,7.87,7.65,7.52
2008-12-22,7.62,11049000.0,7.76,7.65,7.61
2008-12-23,7.55,6834600.0,7.81,7.61,7.52
2008-12-24,7.5,1955500.0,7.82,7.82,7.46
2008-12-26,7.72,3194600.0,7.91,7.77,7.64
2008-12-29,7.61,4917400.0,7.82,7.73,7.6
2008-12-30,7.77,4612200.0,8.0,7.97,7.67
2008-12-31,7.81,5585600.0,8.29,8.26,7.75
2009-01-02,8.24,5394300.0,8.65,8.59,8.08
2009-01-05,8.39,10170400.0,8.6,8.4,8.22
2009-01-06,8.54,9275200.0,8.62,8.45,8.32
2009-01-07,8.27,7707600.0,8.53,7.93,7.9
2009-01-08,8.19,7990900.0,8.19,8.06,7.73
2009-01-09,8.09,12730000.0,8.09,7.49,7.47
2009-01-12,7.4,14824100.0,7.48,6.87,6.8
2009-01-13,6.75,19142400.0,6.85,6.79,6.48
2009-01-14,6.62,13787400.0,6.7,6.27,6.08
2009-01-15,6.24,24758100.0,6.42,5.38,4.86
2009-01-16,5.69,16422200.0,5.74,5.43,5.09
2009-01-20,5.29,16969000.0,5.43,4.22,4.22
2009-01-21,4.33,26181000.0,4.65,3.99,3.84
2009-01-22,3.85,34289300.0,3.88,2.85,2.7
2009-01-23,2.69,37230400.0,2.94,2.91,2.5
2009-01-26,3.03,24308500.0,3.08,2.69,2.63
2009-01-27,2.83,14727000.0,2.83,2.61,2.53
2009-01-28,3.05,35370500.0,3.74,3.56,2.91
2009-01-29,3.43,18320700.0,3.76,3.05,3.0
2009-01-30,3.07,24969100.0,3.14,2.39,2.36
2009-02-02,2.28,27848900.0,2.325,2.09,2.01
2009-02-03,2.11,24664800.0,2.15,1.79,1.74
2009-02-04,1.94,29534300.0,2.0,1.54,1.47
2009-02-05,1.58,56721700.0,1.78,1.64,1.27
2009-02-06,1.84,70084600.0,2.7,2.63,1.8
2009-02-09,3.15,52661500.0,3.16,2.89,2.71
2009-02-10,2.84,48304200.0,2.89,2.19,2.02
2009-02-11,2.33,29428300.0,2.4399,2.25,2.1
2009-02-12,2.07,26296300.0,2.24,2.2,1.9
2009-02-13,2.13,20466800.0,2.17,2.0,1.98
2009-02-17,1.73,19690800.0,1.79,1.67,1.65
2009-02-18,1.83,36377700.0,1.8801,1.47,1.32
2009-02-19,1.54,38030600.0,1.59,1.21,1.1
2009-02-20,1.05,55739000.0,1.35,1.03,1.01
2009-02-23,1.27,56628500.0,1.48,1.24,1.15
2009-02-24,1.33,61347300.0,1.5,1.45,1.17
2009-02-25,1.4,77874900.0,2.25,1.94,1.28
2009-02-26,2.52,94681100.0,2.75,2.29,2.11
2009-02-27,1.81,44883900.0,2.28,2.11,1.78
2009-03-02,2.01,25282000.0,2.07,1.77,1.76
2009-03-03,1.92,27162000.0,1.98,1.67,1.63
2009-03-04,1.97,28464100.0,1.97,1.72,1.7
2009-03-05,1.63,34658900.0,1.67,1.37,1.33
2009-03-06,1.48,26779200.0,1.51,1.29,1.23
2009-03-09,1.24,27375800.0,1.48,1.39,1.22
2009-03-10,1.62,33064800.0,1.66,1.65,1.52
2009-03-11,1.71,41052400.0,1.74,1.54,1.36
2009-03-12,1.45,43017200.0,1.71,1.68,1.3799
2009-03-13,1.77,32347000.0,1.91,1.75,1.62
2009-03-16,1.9,39548800.0,2.1,1.83,1.77
2009-03-17,1.79,29958000.0,1.95,1.95,1.71
2009-03-18,2.01,65576800.0,2.38,2.22,1.85
2009-03-19,2.57,55265100.0,2.58,2.12,2.07
2009-03-20,2.2,44059000.0,2.21,2.13,1.87
2009-03-23,2.4,53193900.0,2.77,2.38,2.26
2009-03-24,2.33,37179600.0,2.5,2.2,2.13
2009-03-25,2.28,40029700.0,2.49,2.28,2.07
2009-03-26,2.38,34173200.0,2.42,2.4,2.23
2009-03-27,2.28,31699700.0,2.38,2.35,2.25
2009-03-30,2.41,53653700.0,2.71,2.48,2.35
2009-03-31,2.64,52362200.0,2.99,2.92,2.54
2009-04-01,2.92,57298000.0,3.17,3.07,2.77
2009-04-02,3.39,50920100.0,3.44,3.17,3.1
2009-04-03,3.06,40104700.0,3.28,3.28,2.9
2009-04-06,3.13,24916100.0,3.24,3.07,3.06
2009-04-07,2.92,21307900.0,3.06,2.85,2.83
2009-04-08,2.95,35142100.0,2.99,2.64,2.5
2009-04-09,3.07,60277800.0,3.58,3.58,2.91
2009-04-13,3.57,64968900.0,4.55,4.34,3.41
2009-04-14,4.8,93259900.0,4.85,3.6,3.45
2009-04-15,3.63,37311700.0,4.04,4.04,3.35
2009-04-16,4.23,64958200.0,4.58,4.32,4.05
2009-04-17,4.44,71050200.0,4.86,4.83,4.12
2009-04-20,4.54,61793400.0,4.55,3.65,3.55
2009-04-21,3.11,70218800.0,4.01,3.96,2.91
2009-04-22,3.57,59548800.0,4.13,3.69,3.56
2009-04-23,4.22,77417700.0,4.22,3.82,3.55
2009-04-24,3.9,54098500.0,4.04,3.71,3.64
2009-04-27,3.53,36203700.0,3.95,3.62,3.5
2009-04-28,3.54,34862900.0,3.87,3.7,3.47
2009-04-29,3.89,38487000.0,4.17,4.13,3.8
2009-04-30,4.32,33070800.0,4.44,4.1,4.03
2009-05-01,4.05,28631200.0,4.12,3.85,3.76
2009-05-04,3.95,64650000.0,4.93,4.83,3.92
2009-05-05,4.65,51041300.0,4.91,4.57,4.45
2009-05-06,4.9,79441100.0,5.5,5.278,4.78
2009-05-07,6.5,108561500.0,6.7,5.346,5.08
2009-05-08,7.12,198530200.0,8.7,8.49,7.0
2009-05-11,8.665,102834200.0,9.15,8.35,8.01
2009-05-12,8.63,73137300.0,8.68,8.23,7.81
2009-05-13,7.75,58392700.0,7.76,7.02,6.97
2009-05-14,6.96,50288300.0,7.64,7.52,6.62
2009-05-15,7.55,34111100.0,7.8,7.1,7.0
2009-05-18,7.35,36767200.0,8.0,7.99,7.3
2009-05-19,8.1,31807400.0,8.25,7.81,7.71
2009-05-20,8.1,40138700.0,8.37,7.71,7.71
2009-05-21,7.15,56486500.0,7.2,6.95,6.72
2009-05-22,7.24,26838300.0,7.3,6.89,6.76
2009-05-26,6.72,35031300.0,7.05,7.01,6.72
2009-05-27,7.0,25293600.0,7.05,6.73,6.71
2009-05-28,6.79,28177700.0,6.81,6.74,6.31
2009-05-29,6.82,17665700.0,6.9,6.9,6.52
2009-06-01,7.05,32534200.0,7.07,7.0,6.75
2009-06-02,6.94,34179000.0,6.94,6.72,6.57
2009-06-03,6.62,21710900.0,6.82,6.52,6.45
2009-06-04,6.85,107979600.0,7.27,7.0,6.72
2009-06-05,7.26,50588800.0,7.41,7.13,6.94
2009-06-08,7.01,31219700.0,7.4,7.25,6.93
2009-06-09,7.3,25285200.0,7.35,7.17,7.15
2009-06-10,7.29,33039000.0,7.47,7.34,7.06
2009-06-11,7.5,46268600.0,7.99,7.77,7.48
2009-06-12,7.75,22625500.0,8.03,8.03,7.74
2009-06-15,7.87,21087200.0,7.88,7.57,7.51
2009-06-16,7.69,34474700.0,7.71,7.18,7.07
2009-06-17,7.1,38683200.0,7.14,6.81,6.36
2009-06-18,6.87,31588400.0,7.35,7.24,6.65
2009-06-19,7.35,68091700.0,7.46,7.34,7.0
2009-06-22,7.17,25976400.0,7.3,6.75,6.7
2009-06-23,6.8,40916700.0,7.05,6.73,6.31
2009-06-24,6.86,24055400.0,6.97,6.78,6.63
2009-06-25,6.67,17299700.0,6.96,6.96,6.64
2009-06-26,6.92,19651000.0,7.01,6.95,6.76
2009-06-29,7.1,19976200.0,7.17,7.07,6.8
2009-06-30,6.97,24752000.0,7.14,7.1,6.8
2009-07-01,7.18,19169300.0,7.24,7.16,7.01
2009-07-02,6.97,13166900.0,7.01,6.88,6.87
2009-07-06,6.75,16814900.0,6.93,6.82,6.61
2009-07-07,6.79,14532000.0,7.0,6.81,6.7
2009-07-08,6.97,41339500.0,6.995,6.58,6.33
2009-07-09,6.73,24807500.0,7.09,6.76,6.65
2009-07-10,6.69,20808900.0,6.75,6.54,6.46
2009-07-13,6.65,24443500.0,7.19,7.16,6.65
2009-07-14,7.18,19778500.0,7.2,7.06,6.86
2009-07-15,7.11,25568500.0,7.47,7.46,7.08
2009-07-16,7.33,16705800.0,7.45,7.37,7.2
2009-07-17,7.38,22442100.0,7.49,7.01,7.0
2009-07-20,7.09,16134800.0,7.29,7.15,7.0
2009-07-21,7.17,26261500.0,7.17,6.77,6.71
2009-07-22,6.66,29479700.0,7.21,7.01,6.59
2009-07-23,7.96,70486100.0,8.28,8.01,7.7699
2009-07-24,8.01,31080000.0,8.64,8.4905,7.93
2009-07-27,8.47,25985200.0,8.85,8.68,8.29
2009-07-28,8.53,20521700.0,8.77,8.56,8.32
2009-07-29,8.71,39783600.0,9.09,8.9,8.56
2009-07-30,9.13,34543700.0,9.45,9.4,9.055
2009-07-31,9.28,32821900.0,9.51,9.5,9.25
2009-08-03,9.89,26975600.0,9.95,9.63,9.37
2009-08-04,9.53,39340200.0,10.23,10.021,9.34
2009-08-05,10.29,39929500.0,10.52,9.99,9.91
2009-08-06,10.09,36778400.0,10.1,9.41,9.33
2009-08-07,9.7,31197700.0,9.97,9.71,9.5
2009-08-10,9.6,20830600.0,9.85,9.73,9.53
2009-08-11,9.69,29312400.0,9.85,9.79,9.35
2009-08-12,9.67,33885300.0,10.33,10.24,9.67
2009-08-13,10.36,32907100.0,10.92,10.84,10.19
2009-08-14,10.74,26916500.0,10.83,10.53,10.21
2009-08-17,9.9075,20739400.0,10.19,9.76,9.53
2009-08-18,9.95,19583600.0,10.33,10.19,9.81
2009-08-19,9.9,15609400.0,10.19,10.11,9.88
2009-08-20,10.15,17142700.0,10.54,10.41,10.11
2009-08-21,10.63,20646400.0,10.95,10.909,10.5
2009-08-24,11.07,25075600.0,11.2,10.52,10.39
2009-08-25,10.7,20412000.0,10.85,10.74,10.55
2009-08-26,10.6,18044400.0,10.87,10.74,10.5
2009-08-27,10.66,16876400.0,10.7,10.58,10.38
2009-08-28,10.74,17147200.0,10.88,10.82,10.52
2009-08-31,10.52,19856900.0,11.0,10.94,10.44
2009-09-01,10.75,26610700.0,11.01,10.26,10.17
2009-09-02,10.0,19484900.0,10.15,9.918,9.75
2009-09-03,10.2,13196400.0,10.38,10.38,10.0
2009-09-04,10.38,10272500.0,10.54,10.52,10.18
2009-09-08,10.78,10571300.0,10.79,10.53,10.35
2009-09-09,10.51,14665500.0,10.58,10.55,10.25
2009-09-10,10.52,12528300.0,10.52,10.43,10.26
2009-09-11,10.46,41518700.0,10.46,9.78,9.63
2009-09-14,9.53,26142000.0,9.94,9.85,9.52
2009-09-15,9.92,25454100.0,10.39,10.3,9.76
2009-09-16,10.14,47351100.0,10.6,10.36,10.0
2009-09-17,10.3,20812800.0,10.46,10.15,9.86
2009-09-18,10.26,22576100.0,10.2999,10.24,10.08
2009-09-21,10.1,12391400.0,10.25,10.18,10.0
2009-09-22,10.26,13598500.0,10.34,10.2,10.08
2009-09-23,10.15,21607200.0,10.16,9.85,9.81
2009-09-24,9.92,19590000.0,10.0,9.54,9.45
2009-09-25,9.47,12688200.0,9.67,9.59,9.43
2009-09-28,9.64,13620000.0,9.86,9.83,9.55
2009-09-29,9.9,18753600.0,10.13,9.94,9.8
2009-09-30,10.03,24434400.0,10.17,10.13,9.77
2009-10-01,9.97,27518700.0,10.07,9.4424,9.4
2009-10-02,9.09,18333800.0,9.6,9.36,9.05
2009-10-05,9.46,16096900.0,9.64,9.48,9.33
2009-10-06,9.65,22398000.0,9.91,9.87,9.59
2009-10-07,9.78,14741000.0,10.16,10.15,9.7
2009-10-08,10.08,21757600.0,10.27,10.13,10.03
2009-10-09,10.13,10200700.0,10.25,10.24,10.08
2009-10-12,10.26,12836900.0,10.3,10.19,10.14
2009-10-13,10.23,17837100.0,10.38,10.16,9.98
2009-10-14,10.38,15427000.0,10.4,10.35,10.15
2009-10-15,10.25,13696600.0,10.55,10.55,10.11
2009-10-16,10.23,22015700.0,10.36,9.98,9.93
2009-10-19,10.1,15532800.0,10.17,10.14,9.77
2009-10-20,9.99,27551600.0,10.67,10.58,9.99
2009-10-21,10.49,29789900.0,10.88,10.11,10.04
2009-10-22,10.03,33626300.0,10.89,10.8,10.02
2009-10-23,10.91,19863200.0,10.915,10.34,10.26
2009-10-26,10.0,33718900.0,10.04,9.52,9.3
2009-10-27,9.62,22570300.0,9.69,9.17,9.06
2009-10-28,9.2,19793200.0,9.24,8.84,8.76
2009-10-29,9.29,21943900.0,9.59,9.27,9.06
2009-10-30,9.22,19978000.0,9.28,8.94,8.83
2009-11-02,9.01,20702300.0,9.37,9.22,8.81
2009-11-03,9.02,14765600.0,9.19,9.07,8.895
2009-11-04,9.21,15916900.0,9.42,8.87,8.82
2009-11-05,9.08,20081600.0,9.25,9.22,8.87
2009-11-06,8.97,13345700.0,9.24,9.17,8.91
2009-11-09,9.31,21447700.0,9.75,9.73,9.22
2009-11-10,9.63,21638800.0,9.8199,9.42,9.3
2009-11-11,9.57,14619800.0,9.85,9.73,9.42
2009-11-12,9.7,15404200.0,9.84,9.54,9.52
2009-11-13,9.8,14843500.0,9.85,9.74,9.57
2009-11-16,9.82,14520300.0,10.12,9.76,9.74
2009-11-17,9.74,9342600.0,9.92,9.9,9.66
2009-11-18,9.9,24321900.0,10.19,10.16,9.83
2009-11-19,10.01,21648000.0,10.14,10.05,9.85
2009-11-20,9.99,18004800.0,10.1,9.97,9.86
2009-11-23,10.04,18773600.0,10.17,10.17,9.96
2009-11-24,10.11,19570300.0,10.17,10.01,9.735
2009-11-25,10.08,6536900.0,10.1,9.94,9.88
2009-11-27,9.64,6134300.0,9.89,9.57,9.56
2009-11-30,9.72,21329500.0,10.081,10.08,9.69
2009-12-01,10.25,19936300.0,10.33,10.18,10.1
2009-12-02,10.33,19738700.0,10.6,10.51,10.28
2009-12-03,10.75,21794300.0,10.89,10.32,10.32
2009-12-04,10.54,19225400.0,10.72,10.44,10.23
2009-12-07,10.28,19878600.0,10.51,10.3,10.22
2009-12-08,10.2,10921100.0,10.4,10.19,10.16
2009-12-09,10.22,10758100.0,10.45,10.29,10.2
2009-12-10,10.33,10551600.0,10.425,10.08,10.06
2009-12-11,10.18,11168200.0,10.29,10.18,10.05
2009-12-14,10.28,16263400.0,10.36,10.33,10.0
2009-12-15,10.14,20154900.0,10.24,9.8,9.68
2009-12-16,9.87,15758100.0,9.91,9.62,9.6
2009-12-17,9.52,10889400.0,9.85,9.55,9.51
2009-12-18,9.63,15881300.0,9.85,9.82,9.43
2009-12-21,10.0,15442600.0,10.18,10.18,9.83
2009-12-22,10.18,10341400.0,10.3,10.2,10.05
2009-12-23,10.25,8758300.0,10.26,9.93,9.86
2009-12-24,10.0,5459500.0,10.23,10.23,9.94
2009-12-28,10.2,6844300.0,10.2,9.97,9.8802
2009-12-29,10.04,6947800.0,10.04,9.92,9.84
2009-12-30,9.89,5640800.0,9.94,9.79,9.75
2009-12-31,9.8,4042500.0,9.86,9.75,9.75
2010-01-04,9.88,15429100.0,10.22,10.12,9.81
2010-01-05,9.96,12700700.0,10.4,10.39,9.93
2010-01-06,10.3,13140600.0,10.5,10.45,10.25
2010-01-07,10.4,34759200.0,11.3,11.08,10.36
2010-01-08,11.0,19963300.0,11.36,11.09,10.96
2010-01-11,11.26,15251700.0,11.29,11.2,11.0
2010-01-12,11.12,11348400.0,11.28,10.99,10.96
2010-01-13,11.02,26686300.0,11.67,11.52,10.69
2010-01-14,11.43,26508800.0,11.95,11.77,11.41
2010-01-15,11.69,25443100.0,11.72,11.36,11.12
2010-01-19,11.24,17267400.0,11.41,11.39,11.15
2010-01-20,11.21,25445100.0,11.67,11.31,11.2
2010-01-21,12.2,66585800.0,12.59,12.02,11.9496
2010-01-22,11.95,39367700.0,12.71,12.1,11.69
2010-01-25,12.25,32935500.0,12.87,12.49,12.1
2010-01-26,12.36,35793800.0,12.67,11.71,11.64
2010-01-27,11.8,24246600.0,12.36,12.18,11.68
2010-01-28,12.49,32530500.0,12.69,12.26,12.18
2010-01-29,12.69,30962500.0,12.72,12.44,12.295
2010-02-01,12.45,19895900.0,12.65,12.5,12.34
2010-02-02,12.48,20103900.0,12.55,12.48,12.08
2010-02-03,12.35,28331800.0,12.35,12.0,11.84
2010-02-04,11.82,32057800.0,11.94,11.22,11.18
2010-02-05,11.25,22197900.0,11.46,11.26,10.82
2010-02-08,11.26,29759000.0,11.6,11.39,11.01
2010-02-09,11.51,18606400.0,11.68,11.47,11.41
2010-02-10,11.49,17858100.0,11.9,11.69,11.31
2010-02-11,11.77,17497900.0,11.96,11.87,11.59
2010-02-12,11.8,20010100.0,11.82,11.61,11.39
2010-02-16,11.73,15697800.0,12.12,12.08,11.67
2010-02-17,12.14,14963900.0,12.19,12.05,11.89
2010-02-18,11.96,10465200.0,12.03,11.92,11.82
2010-02-19,11.89,16148400.0,12.26,12.23,11.865
2010-02-22,12.28,18310000.0,12.72,12.55,12.23
2010-02-23,12.46,20394700.0,12.56,12.27,12.11
2010-02-24,12.37,17103900.0,12.71,12.69,12.3
2010-02-25,12.31,24791200.0,12.33,12.2,11.95
2010-02-26,12.24,14335100.0,12.34,12.21,12.1
2010-03-01,12.32,12508600.0,12.33,12.24,12.03
2010-03-02,12.21,16660400.0,12.75,12.66,12.21
2010-03-03,12.67,14426700.0,12.74,12.54,12.44
2010-03-04,12.2,14801000.0,12.5,12.33,12.175
2010-03-05,12.53,13242200.0,12.77,12.73,12.44
2010-03-08,12.56,13943200.0,12.82,12.61,12.48
2010-03-09,12.51,13319300.0,12.77,12.62,12.36
2010-03-10,12.785,19743700.0,13.12,12.96,12.725
2010-03-11,13.03,20652000.0,13.38,13.28,12.97
2010-03-12,13.51,13392900.0,13.52,13.15,13.09
2010-03-15,13.14,11582800.0,13.42,13.38,13.02
2010-03-16,13.38,12491200.0,13.55,13.45,13.28
2010-03-17,13.54,13375700.0,13.78,13.7,13.49
2010-03-18,13.7,11392800.0,13.75,13.44,13.321
2010-03-19,13.52,17166900.0,13.6,13.3,13.13
2010-03-22,13.11,10445800.0,13.5,13.43,13.05
2010-03-23,13.4675,9507500.0,13.509,13.46,13.19
2010-03-24,13.39,11406000.0,13.77,13.58,13.3496
2010-03-25,13.79,22618200.0,14.05,13.41,13.37
2010-03-26,13.49,21076100.0,13.75,13.2,13.11
2010-03-29,13.31,7340200.0,13.43,13.31,13.2
2010-03-30,13.29,6896100.0,13.43,13.265,13.14
2010-03-31,13.15,14098100.0,13.72,13.56,13.15
2010-04-01,13.65,7316000.0,13.73,13.59,13.47
2010-04-05,13.63,7646600.0,13.97,13.95,13.6
2010-04-06,13.93,18082200.0,14.38,14.35,13.91
2010-04-07,14.475,16491200.0,14.61,14.3,14.1
2010-04-08,14.2,13172900.0,14.35,14.27,13.98
2010-04-09,14.26,13394100.0,14.29,14.1,13.96
2010-04-12,14.14,9322900.0,14.44,14.36,14.11
2010-04-13,14.28,11134000.0,14.41,14.33,14.12
2010-04-14,14.5,15020800.0,15.06,14.94,14.48
2010-04-15,15.0,10748300.0,15.08,14.9,14.72
2010-04-16,14.83,28282000.0,14.87,14.2,13.75
2010-04-19,14.0,14167400.0,14.4,14.24,13.78
2010-04-20,14.39,14988100.0,14.81,14.8,14.24
2010-04-21,14.88,38065500.0,15.95,15.15,14.75
2010-04-22,14.9,34036600.0,15.0,14.96,14.33
2010-04-23,14.95,17813500.0,15.12,15.12,14.65
2010-04-26,15.02,17738000.0,15.13,14.515,14.48
2010-04-27,14.34,15940800.0,14.64,14.05,14.02
2010-04-28,14.24,15947500.0,14.62,14.44,14.14
2010-04-29,14.73,12080100.0,14.98,14.87,14.61
2010-04-30,14.93,15694200.0,15.28,14.915,14.85
2010-05-03,15.02,12011200.0,15.46,15.36,15.01
2010-05-04,15.14,16670700.0,15.14,14.56,14.42
2010-05-05,14.1,16049800.0,14.93,14.59,13.99
2010-05-06,14.46,26952600.0,14.64,13.61,12.6
2010-05-07,13.75,26267400.0,13.89,13.31,13.05
2010-05-10,14.26,21286400.0,14.83,14.38,14.04
2010-05-11,14.11,14578500.0,14.9,14.61,14.11
2010-05-12,14.87,12873900.0,15.0,15.0,14.6
2010-05-13,14.97,12276000.0,15.07,14.8,14.8
2010-05-14,14.53,15593300.0,14.53,14.08,13.86
2010-05-17,14.16,16212700.0,14.35,13.98,13.63
2010-05-18,14.21,17857900.0,14.23,13.43,13.28
2010-05-19,13.22,15749800.0,13.73,13.3,12.95
2010-05-20,12.89,17567600.0,13.06,12.51,12.47
2010-05-21,12.16,23311300.0,13.2,13.19,12.1
2010-05-24,13.2,13232000.0,13.27,12.57,12.54
2010-05-25,12.0,17996500.0,12.84,12.83,12.0
2010-05-26,13.04,26804400.0,13.17,12.51,12.41
2010-05-27,12.88,14242500.0,13.28,13.26,12.76
2010-05-28,13.26,12122800.0,13.3,13.0,12.91
2010-06-01,12.9,14393200.0,13.16,12.4,12.4
2010-06-02,12.55,12141500.0,13.05,13.05,12.46
2010-06-03,13.04,11126900.0,13.17,13.13,12.85
2010-06-04,12.74,17638000.0,12.95,12.5025,12.44
2010-06-07,12.58,11397200.0,12.8,12.32,12.3
2010-06-08,12.38,16236700.0,12.7,12.67,12.05
2010-06-09,12.85,12627800.0,13.12,12.67,12.63
2010-06-10,13.18,13937900.0,13.39,13.37,12.96
2010-06-11,13.2,9033000.0,13.375,13.36,13.02
2010-06-14,13.5,15975100.0,13.74,13.53,13.29
2010-06-15,13.63,12800700.0,14.05,14.0,13.58
2010-06-16,13.78,14288300.0,14.2,14.05,13.78
2010-06-17,14.18,11217900.0,14.18,13.62,13.405
2010-06-18,13.69,12169100.0,13.78,13.58,13.49
2010-06-21,13.79,8540700.0,13.89,13.53,13.46
2010-06-22,13.52,10189900.0,13.925,13.51,13.48
2010-06-23,13.54,11860000.0,13.75,13.51,13.42
2010-06-24,13.38,12454500.0,13.45,13.2,13.14
2010-06-25,13.52,15844700.0,13.58,13.37,13.14
2010-06-28,13.37,12327900.0,13.63,13.51,13.35
2010-06-29,13.18,24464000.0,13.32,12.95,12.88
2010-06-30,12.9,16610400.0,13.19,12.29,12.28
2010-07-01,12.22,13147400.0,12.53,12.16,11.75
2010-07-02,12.26,8391300.0,12.33,11.82,11.75
2010-07-06,12.06,10881900.0,12.3,12.04,11.86
2010-07-07,12.12,11431300.0,12.95,12.92,12.07
2010-07-08,13.1,9983500.0,13.24,13.09,12.8
2010-07-09,13.11,10263600.0,13.54,13.48,12.94
2010-07-12,13.39,7815200.0,13.5,13.27,13.1
2010-07-13,13.48,10020500.0,13.81,13.69,13.43
2010-07-14,13.6,10995300.0,13.61,13.34,13.2
2010-07-15,13.4,9401400.0,13.4258,13.25,12.88
2010-07-16,13.05,27289000.0,13.14,12.17,12.11
2010-07-19,12.2,20412900.0,12.4,11.9,11.77
2010-07-20,11.57,21517900.0,11.8,11.78,11.37
2010-07-21,11.9,23945700.0,12.21,11.28,11.26
2010-07-22,11.66,27293900.0,12.61,12.45,11.61
2010-07-23,12.38,15337900.0,12.43,12.29,12.05
2010-07-26,12.3,14158300.0,12.85,12.82,12.14
2010-07-27,13.05,18044500.0,13.25,13.14,12.9
2010-07-28,13.07,9712600.0,13.18,12.76,12.71
2010-07-29,12.94,12257600.0,13.17,12.82,12.57
2010-07-30,12.59,9407100.0,12.88,12.71,12.52
2010-08-02,12.95,16172400.0,13.44,13.42,12.95
2010-08-03,13.41,13331500.0,13.581,13.3,13.25
2010-08-04,13.39,6405500.0,13.42,13.29,13.15
2010-08-05,13.21,9759000.0,13.22,13.06,12.925
2010-08-06,12.83,13922700.0,12.89,12.69,12.35
2010-08-09,12.78,12853400.0,13.07,13.02,12.52
2010-08-10,12.86,14977100.0,13.04,13.0025,12.61
2010-08-11,12.73,12018100.0,12.76,12.38,12.36
2010-08-12,12.11,9228100.0,12.335,12.16,12.07
2010-08-13,12.14,7046500.0,12.385,12.13,12.13
2010-08-16,12.01,11127400.0,12.22,12.19,11.93
2010-08-17,12.32,8261100.0,12.32,12.07,12.04
2010-08-18,12.05,10701400.0,12.22,12.11,11.97
2010-08-19,11.97,12317600.0,12.15,11.68,11.67
2010-08-20,11.63,13375000.0,11.76,11.56,11.33
2010-08-23,11.7,12095600.0,11.92,11.6,11.56
2010-08-24,11.35,15253700.0,11.45,11.035,11.03
2010-08-25,10.97,15725200.0,11.03,10.98,10.77
2010-08-26,11.02,14795600.0,11.46,10.95,10.91
2010-08-27,11.05,13165300.0,11.19,11.18,10.83
2010-08-30,11.07,11423000.0,11.17,10.85,10.84
2010-08-31,10.75,13540600.0,11.05,11.04,10.64
2010-09-01,11.25,14282900.0,11.68,11.66,11.22
2010-09-02,11.7,7962300.0,11.78,11.72,11.56
2010-09-03,11.92,10213700.0,12.09,11.93,11.7
2010-09-07,11.8,12336100.0,11.88,11.38,11.35
2010-09-08,11.46,7551400.0,11.72,11.6,11.45
2010-09-09,11.87,11358900.0,12.11,11.96,11.78
2010-09-10,12.02,7600600.0,12.16,12.09,11.91
2010-09-13,12.37,11298700.0,12.59,12.51,12.32
2010-09-14,12.5,14481300.0,12.59,12.485,12.23
2010-09-15,12.36,8139200.0,12.62,12.47,12.17
2010-09-16,12.44,7649500.0,12.47,12.22,12.09
2010-09-17,12.3,9010400.0,12.42,12.23,12.21
2010-09-20,12.28,10628600.0,12.45,12.39,12.18
2010-09-21,12.4,11572700.0,12.58,12.275,12.25
2010-09-22,12.19,9880300.0,12.38,12.04,12.02
2010-09-23,11.89,10808400.0,12.17,11.72,11.68
2010-09-24,11.93,9071300.0,12.25,12.2375,11.89
2010-09-27,12.28,7917300.0,12.3,11.9075,11.89
2010-09-28,11.93,10416000.0,12.04,12.015,11.76
2010-09-29,11.93,9066700.0,12.05,11.9025,11.8
2010-09-30,12.0,14195800.0,12.19,12.03,11.85
2010-10-01,12.15,10923200.0,12.25,11.9,11.85
2010-10-04,11.95,8592900.0,12.12,11.9,11.87
2010-10-05,12.07,19607200.0,12.6,12.51,11.93
2010-10-06,12.53,13724300.0,12.65,12.28,12.2
2010-10-07,12.45,15803700.0,12.59,12.52,12.31
2010-10-08,12.58,9497500.0,12.58,12.38,12.31
2010-10-11,12.45,6051400.0,12.51,12.28,12.25
2010-10-12,12.21,21598600.0,12.83,12.755,12.13
2010-10-13,12.94,16587100.0,12.97,12.7,12.63
2010-10-14,12.6,19982600.0,12.6,12.34,12.08
2010-10-15,12.38,14563900.0,12.43,12.13,11.85
2010-10-18,12.09,12190500.0,12.58,12.54,12.0
2010-10-19,12.42,12448200.0,12.74,12.375,12.27
2010-10-20,12.32,11597700.0,12.48,12.4,11.99
2010-10-21,12.22,20962200.0,13.09,12.8,12.22
2010-10-22,12.92,13503900.0,13.09,12.86,12.75
2010-10-25,13.03,10362200.0,13.04,12.62,12.5
2010-10-26,12.52,9885900.0,12.8,12.785,12.48
2010-10-27,12.68,11680500.0,13.02,12.87,12.62
2010-10-28,13.0,12067700.0,13.02,12.72,12.66
2010-10-29,12.68,14195500.0,12.89,12.56,12.55
2010-11-01,12.64,15147800.0,12.69,12.38,12.13
2010-11-02,12.55,10774100.0,12.76,12.44,12.35
2010-11-03,12.5,18015900.0,13.06,13.05,12.5
2010-11-04,13.19,18432900.0,13.55,13.4,13.06
2010-11-05,13.44,29405300.0,13.93,13.03,12.95
2010-11-08,13.01,15563300.0,13.16,13.05,12.75
2010-11-09,13.1,9674800.0,13.27,12.87,12.8
2010-11-10,12.93,10306700.0,13.25,13.235,12.76
2010-11-11,13.15,9748200.0,13.3175,13.235,12.95
2010-11-12,13.17,10156600.0,13.1725,12.87,12.71
2010-11-15,13.01,8358500.0,13.32,13.02,12.96
2010-11-16,12.9,13796400.0,13.0,12.68,12.55
2010-11-17,12.75,11759700.0,12.86,12.39,12.26
2010-11-18,12.53,26848000.0,12.64,12.08,11.96
2010-11-19,12.0,12215600.0,12.36,12.26,12.0
2010-11-22,12.17,10437400.0,12.22,12.12,11.95
2010-11-23,11.94,10792600.0,12.05,11.78,11.78
2010-11-24,11.88,9196200.0,12.18,12.06,11.82
2010-11-26,11.9,2638000.0,12.05,11.86,11.85
2010-11-29,11.82,8152000.0,12.04,12.03,11.71
2010-11-30,11.85,9616100.0,11.995,11.95,11.755
2010-12-01,12.12,10569500.0,12.27,12.265,11.99
2010-12-02,12.25,21147500.0,13.06,13.05,12.25
2010-12-03,12.98,14505100.0,13.305,13.2725,12.81
2010-12-06,13.2,9947900.0,13.25,13.02,13.01
2010-12-07,13.19,15271600.0,13.35,13.08,12.77
2010-12-08,13.08,20139600.0,13.93,13.93,13.06
2010-12-09,13.98,19375700.0,14.3,14.24,13.69
2010-12-10,14.23,14417000.0,14.6,14.57,14.2
2010-12-13,14.26,23229000.0,14.61,14.49,13.99
2010-12-14,14.49,16776100.0,14.66,14.27,14.21
2010-12-15,14.33,14779200.0,14.41,14.16,14.11
2010-12-16,14.24,29650900.0,14.44,13.92,13.43
2010-12-17,14.15,19718900.0,14.32,14.07,14.03
2010-12-20,14.11,9746600.0,14.32,14.16,14.02
2010-12-21,14.25,7714700.0,14.3,14.3,14.15
2010-12-22,14.38,11801600.0,14.78,14.71,14.32
2010-12-23,14.58,6203600.0,14.77,14.39,14.36
2010-12-27,14.33,6415400.0,14.77,14.74,14.33
2010-12-28,14.78,8235600.0,15.11,15.04,14.71
2010-12-29,15.07,6695200.0,15.09,14.77,14.77
2010-12-30,14.7,4575500.0,14.82,14.64,14.58
2010-12-31,14.6,4287200.0,14.82,14.68,14.6
2011-01-03,14.83,13575100.0,14.95,14.78,14.7
2011-01-04,14.75,18482900.0,14.95,14.73,14.67
2011-01-05,14.67,13878400.0,15.06,14.96,14.67
2011-01-06,14.95,16920200.0,15.15,14.62,14.58
2011-01-07,14.65,14041200.0,14.83,14.675,14.17
2011-01-10,14.53,8440200.0,14.59,14.4325,14.32
2011-01-11,14.55,8028800.0,14.69,14.55,14.4
2011-01-12,14.66,7090300.0,14.86,14.76,14.61
2011-01-13,14.78,7223300.0,14.83,14.62,14.5
2011-01-14,14.62,9750300.0,15.0,14.95,14.59
2011-01-18,14.94,7768800.0,15.05,14.86,14.75
2011-01-19,14.82,11788700.0,14.82,14.61,14.43
2011-01-20,14.31,114968600.0,14.44,14.22,14.06
2011-01-21,14.39,33380000.0,14.65,14.6,14.35
2011-01-24,14.58,14012600.0,14.6,14.34,14.22
2011-01-25,14.31,15638900.0,14.5,14.4325,14.26
2011-01-26,14.55,19794200.0,14.64,14.57,14.5
2011-01-27,14.57,17503100.0,14.81,14.79,14.52
2011-01-28,14.83,22080600.0,15.0,14.64,14.62
2011-01-31,14.71,24892200.0,15.03,14.87,14.66
2011-02-01,15.01,21286300.0,15.6577,15.52,15.01
2011-02-02,15.45,12841400.0,15.52,15.455,15.24
2011-02-03,15.44,8043800.0,15.63,15.4025,15.31
2011-02-04,15.38,9435500.0,15.44,15.39,15.07
2011-02-07,15.44,10299400.0,15.6,15.36,15.34
2011-02-08,15.35,11641800.0,15.4,15.39,15.16
2011-02-09,15.3,20084600.0,15.62,15.07,14.88
2011-02-10,14.99,12021800.0,15.19,15.18,14.92
2011-02-11,15.07,8807800.0,15.57,15.46,14.95
2011-02-14,15.45,6980400.0,15.555,15.51,15.31
2011-02-15,15.48,11085100.0,15.75,15.45,15.4
2011-02-16,15.55,9519600.0,15.57,15.38,15.3022
2011-02-17,15.35,12174800.0,15.38,15.09,15.0
2011-02-18,15.1,13702600.0,15.145,14.9925,14.9
2011-02-22,14.83,20425700.0,14.89,14.495,14.37
2011-02-23,14.48,13805800.0,14.7,14.45,14.3
2011-02-24,14.41,15851700.0,14.5,14.3,14.16
2011-02-25,14.67,22403300.0,14.89,14.6,14.54
2011-02-28,14.67,14098400.0,14.7,14.6,14.315
2011-03-01,13.97,40878800.0,14.15,13.95,13.67
2011-03-02,13.98,18059600.0,14.04,13.87,13.7
2011-03-03,14.01,15112900.0,14.29,14.09,14.01
2011-03-04,14.03,12332600.0,14.105,13.9,13.59
2011-03-07,13.92,14692700.0,13.95,13.6,13.45
2011-03-08,13.65,22303500.0,13.88,13.7,13.55
2011-03-09,13.66,15022400.0,14.1,13.87,13.64
2011-03-10,13.65,12855100.0,13.87,13.69,13.59
2011-03-11,13.66,8839600.0,13.98,13.89,13.61
2011-03-14,13.8,10884100.0,13.96,13.9,13.62
2011-03-15,13.56,15461400.0,13.77,13.57,13.43
2011-03-16,13.58,16638400.0,13.74,13.4,13.25
2011-03-17,13.64,13609400.0,13.83,13.81,13.55
2011-03-18,14.16,28139300.0,14.3,14.03,13.95
2011-03-21,14.23,12350100.0,14.29,14.0175,13.84
2011-03-22,13.96,13657500.0,14.25,13.85,13.85
2011-03-23,13.84,9922800.0,13.9,13.8,13.58
2011-03-24,13.89,12722200.0,13.89,13.78,13.43
2011-03-25,13.8,7574900.0,14.03,13.85,13.78
2011-03-28,13.89,7170900.0,13.9798,13.78,13.77
2011-03-29,13.8,8618900.0,13.93,13.93,13.75
2011-03-30,13.98,13560100.0,14.13,13.81,13.81
2011-03-31,13.86,8615300.0,14.01,13.885,13.75
2011-04-01,14.12,6660500.0,14.15,13.99,13.9
2011-04-04,14.0,5701600.0,14.09,13.97,13.92
2011-04-05,13.94,6286300.0,13.95,13.89,13.82
2011-04-06,13.96,8880200.0,14.135,14.07,13.87
2011-04-07,14.05,11667500.0,14.14,13.865,13.82
2011-04-08,13.97,13031800.0,13.97,13.7,13.62
2011-04-11,13.721,5458200.0,13.87,13.73,13.67
2011-04-12,13.69,8390300.0,13.81,13.66,13.61
2011-04-13,13.8,13205000.0,13.95,13.6,13.59
2011-04-14,13.59,8706300.0,13.67,13.645,13.4
2011-04-15,13.86,11068700.0,13.95,13.8,13.68
2011-04-18,13.67,7610200.0,13.77,13.53,13.43
2011-04-19,13.64,12758200.0,13.68,13.36,13.2374
2011-04-20,13.48,18437600.0,13.53,13.32,13.22
2011-04-21,13.02,22026400.0,13.19,13.16,12.69
2011-04-25,13.17,13998300.0,13.23,12.92,12.85
2011-04-26,13.04,11900000.0,13.08,13.04,12.83
2011-04-27,13.04,14140500.0,13.4,13.32,12.98
2011-04-28,13.32,10307700.0,13.46,13.43,13.24
2011-04-29,13.39,10300000.0,13.53,13.27,13.19
2011-05-02,13.32,14256900.0,13.36,13.05,13.0
2011-05-03,13.04,24300000.0,13.42,13.4,12.91
2011-05-04,13.41,15445800.0,13.46,13.15,13.105
2011-05-05,13.07,18493500.0,13.1501,12.82,12.74
2011-05-06,12.94,16254100.0,13.04,12.99,12.85
2011-05-09,12.98,11522200.0,12.98,12.8,12.75
2011-05-10,12.83,10789200.0,13.0,12.98,12.815
2011-05-11,12.93,11300000.0,13.0,12.82,12.77
2011-05-12,12.89,27000000.0,12.89,12.71,12.57
2011-05-13,12.69,14242500.0,12.788,12.49,12.44
2011-05-16,12.45,15197100.0,12.845,12.47,12.4175
2011-05-17,12.43,13312800.0,12.82,12.79,12.43
2011-05-18,12.77,9020500.0,12.92,12.9,12.77
2011-05-19,12.99,8461600.0,13.06,13.0,12.85
2011-05-20,12.96,10849600.0,13.01,12.72,12.7
2011-05-23,12.57,11400000.0,12.7,12.39,12.38
2011-05-24,12.43,11267900.0,12.54,12.48,12.25
2011-05-25,12.46,12219100.0,12.76,12.61,12.45
2011-05-26,12.7,15215000.0,12.82,12.73,12.61
2011-05-27,12.81,7328500.0,12.97,12.93,12.735
2011-05-31,13.02,10598900.0,13.07,13.06,12.82
2011-06-01,13.02,19540600.0,13.02,12.34,12.34
2011-06-02,12.33,9011500.0,12.4899,12.37,12.25
2011-06-03,12.26,13763000.0,12.6,12.39,12.22
2011-06-06,12.31,13430800.0,12.41,12.14,12.04
2011-06-07,12.23,11650800.0,12.49,12.3,12.21
2011-06-08,12.25,13546300.0,12.54,12.29,12.23
2011-06-09,12.29,15066900.0,12.41,12.33,12.25
2011-06-10,12.28,17151800.0,12.38,12.245,11.88
2011-06-13,12.27,14398600.0,12.31,12.28,12.0
2011-06-14,12.42,15508900.0,12.6,12.465,12.29
2011-06-15,12.3,12308500.0,12.42,12.32,12.11
2011-06-16,12.3,14667900.0,12.395,12.28,12.05
2011-06-17,12.42,22904800.0,12.64,12.55,12.28
2011-06-20,12.54,8862100.0,12.62,12.545,12.39
2011-06-21,12.61,10665400.0,12.7,12.67,12.47
2011-06-22,12.61,10159600.0,12.685,12.405,12.39
2011-06-23,12.24,23629700.0,12.33,12.09,12.02
2011-06-24,12.23,13086400.0,12.24,12.18,12.085
2011-06-27,12.16,6845000.0,12.45,12.28,12.11
2011-06-28,12.29,11372800.0,12.45,12.415,12.18
2011-06-29,12.47,11584800.0,12.73,12.71,12.345
2011-06-30,12.75,9660500.0,12.85,12.75,12.535
2011-07-01,12.74,10047500.0,13.04,12.97,12.72
2011-07-05,12.96,9195900.0,12.99,12.91,12.66
2011-07-06,12.83,10578200.0,12.84,12.65,12.51
2011-07-07,12.77,10377100.0,13.09,12.9,12.76
2011-07-08,12.72,13415600.0,12.75,12.56,12.48
2011-07-11,12.37,12590500.0,12.41,12.17,12.12
2011-07-12,12.21,10228900.0,12.26,12.02,11.98
2011-07-13,12.12,20148400.0,12.48,12.17,12.1
2011-07-14,12.25,19419200.0,12.29,12.02,11.94
2011-07-15,12.07,17334000.0,12.1,12.05,11.8
2011-07-18,12.01,20797800.0,12.0289,11.99,11.71
2011-07-19,12.03,15404000.0,12.27,12.2,11.955
2011-07-20,12.23,19111600.0,12.45,12.33,12.18
2011-07-21,12.66,20529800.0,12.86,12.76,12.55
2011-07-22,12.86,10838200.0,12.86,12.81,12.52
2011-07-25,12.7,16012500.0,13.08,13.0,12.65
2011-07-26,12.96,8254300.0,13.04,12.92,12.84
2011-07-27,12.82,13920800.0,12.915,12.7,12.67
2011-07-28,12.71,8998200.0,12.87,12.67,12.62
2011-07-29,12.57,9180500.0,12.77,12.65,12.42
2011-08-01,12.79,11892300.0,12.915,12.515,12.42
2011-08-02,12.38,20559200.0,12.38,11.91,11.91
2011-08-03,12.12,23512200.0,12.16,12.13,11.74
2011-08-04,11.87,22975100.0,11.97,11.36,11.35
2011-08-05,11.45,24759000.0,11.68,11.26,10.95
2011-08-08,10.7,25269500.0,11.0,9.98,9.84
2011-08-09,10.07,26787300.0,10.56,10.55,9.76
2011-08-10,10.34,35272300.0,10.34,9.42,9.4
2011-08-11,9.56,27566800.0,9.9284,9.86,9.38
2011-08-12,10.02,21061100.0,10.21,9.55,9.47
2011-08-15,9.68,17044600.0,10.21,10.15,9.65
2011-08-16,10.1,17603500.0,10.34,10.09,9.97
2011-08-17,10.13,15318800.0,10.5,10.25,10.095
2011-08-18,9.91,18293700.0,9.93,9.6,9.52
2011-08-19,9.41,18148000.0,9.81,9.28,9.27
2011-08-22,9.59,14226700.0,9.6,9.25,9.19
2011-08-23,9.27,14293500.0,9.76,9.76,9.13
2011-08-24,9.69,13867400.0,10.14,10.1,9.51
2011-08-25,10.47,20800200.0,10.64,9.735,9.73
2011-08-26,9.7,13278300.0,10.15,10.05,9.58
2011-08-29,10.23,11912500.0,10.55,10.51,10.17
2011-08-30,10.39,10496300.0,10.61,10.46,10.27
2011-08-31,10.5,9694200.0,10.72,10.62,10.45
2011-09-01,10.62,10751300.0,10.72,10.18,10.18
2011-09-02,9.99,12322500.0,10.07,9.62,9.58
2011-09-06,9.32,14645400.0,9.85,9.75,9.31
2011-09-07,10.04,14479400.0,10.48,10.45,9.94
2011-09-08,10.37,13044300.0,10.41,10.12,10.03
2011-09-09,10.08,12976700.0,10.255,9.81,9.81
2011-09-12,9.97,14709300.0,10.08,9.93,9.57
2011-09-13,10.03,17488400.0,10.54,10.35,9.98
2011-09-14,10.44,14883100.0,10.7,10.51,10.2504
2011-09-15,10.66,12330800.0,10.8,10.7,10.51
2011-09-16,10.73,13323300.0,10.76,10.67,10.35
2011-09-19,10.49,12725400.0,10.61,10.47,10.31
2011-09-20,10.53,12177900.0,10.73,10.38,10.36
2011-09-21,10.44,14287500.0,10.5,9.77,9.76
2011-09-22,9.52,29252000.0,9.68,9.6,9.3162
2011-09-23,9.54,13983400.0,9.86,9.84,9.5
2011-09-26,9.94,15308300.0,10.54,10.52,9.9
2011-09-27,10.81,16994100.0,11.02,10.45,10.33
2011-09-28,10.42,11734200.0,10.54,10.09,10.07
2011-09-29,10.3599,18336100.0,10.59,10.46,10.055
2011-09-30,10.31,15987500.0,10.44,10.1,10.1
2011-10-03,10.06,15000000.0,10.38,9.8,9.8
2011-10-04,9.67,25116000.0,10.655,10.64,9.6
2011-10-05,10.59,20747800.0,10.735,10.625,10.22
2011-10-06,10.59,19446500.0,11.13,11.11,10.32
2011-10-07,11.19,18917800.0,11.19,10.58,10.44
2011-10-10,10.79,13414700.0,11.04,10.97,10.69
2011-10-11,10.89,19577500.0,11.03,10.91,10.715
2011-10-12,11.01,23973600.0,11.7,11.51,10.99
2011-10-13,11.36,13699100.0,11.4,11.23,10.94
2011-10-14,11.43,12538900.0,11.61,11.34,11.02
2011-10-17,11.14,15936700.0,11.21,10.62,10.58
2011-10-18,10.69,19332900.0,11.32,11.21,10.6102
2011-10-19,11.21,20948700.0,11.26,10.66,10.63
2011-10-20,11.25,32174300.0,11.757,11.63,11.12
2011-10-21,11.84,28876300.0,11.95,11.66,11.5
2011-10-24,11.7,16026800.0,12.14,12.01,11.69
2011-10-25,11.89,21116400.0,12.0,11.69,11.63
2011-10-26,11.9,29781100.0,12.11,12.0,11.73
2011-10-27,12.58,24090500.0,12.74,12.49,12.18
2011-10-28,12.4,14759500.0,12.47,12.31,12.15
2011-10-31,12.1,15173100.0,12.43,12.01,11.98
2011-11-01,11.52,26150600.0,11.96,11.39,11.35
2011-11-02,11.63,16031500.0,12.0,11.83,11.59
2011-11-03,11.98,23638600.0,12.05,12.01,11.6296
2011-11-04,11.84,15675200.0,12.11,12.01,11.7
2011-11-07,12.0,14416700.0,12.29,12.25,11.91
2011-11-08,12.38,19139800.0,12.53,12.49,12.05
2011-11-09,12.08,21815500.0,12.2,11.73,11.69
2011-11-10,12.02,13618200.0,12.12,12.01,11.82
2011-11-11,12.2,10251500.0,12.315,12.18,12.08
2011-11-14,12.08,14923100.0,12.26,11.87,11.82
2011-11-15,11.8,14916800.0,12.03,11.96,11.73
2011-11-16,11.79,15176500.0,12.31,11.98,11.75
2011-11-17,11.96,16781400.0,12.175,11.81,11.735
2011-11-18,11.94,10354200.0,12.0,11.89,11.7517
2011-11-21,11.69,12160200.0,11.69,11.52,11.42
2011-11-22,11.44,10000000.0,11.54,11.35,11.261
2011-11-23,11.23,13185000.0,11.3,10.94,10.92
2011-11-25,10.89,3438100.0,11.2,10.97,10.89
2011-11-28,11.36,11468100.0,11.44,11.36,11.17
2011-11-29,11.37,10023600.0,11.5,11.22,11.15
2011-11-30,11.63,15351400.0,12.12,12.09,11.5
2011-12-01,12.08,6847900.0,12.1,11.95,11.85
2011-12-02,12.12,11126300.0,12.36,12.12,12.06
2011-12-05,12.3,14713700.0,12.57,12.56,12.25
2011-12-06,12.57,14346300.0,12.58,12.32,12.3
2011-12-07,12.19,10393800.0,12.45,12.39,12.0
2011-12-08,12.28,13744800.0,12.31,11.97,11.91
2011-12-09,12.12,16512100.0,12.58,12.51,12.1
2011-12-12,12.38,11990300.0,12.39,12.23,12.04
2011-12-13,12.3,13554900.0,12.35,11.91,11.76
2011-12-14,11.76,15354600.0,12.05,11.8,11.67
2011-12-15,11.9999,10003300.0,12.09,11.97,11.89
2011-12-16,12.03,14324000.0,12.265,12.07,11.98
2011-12-19,12.08,7517500.0,12.13,11.84,11.76
2011-12-20,12.05,13127100.0,12.35,12.19,12.01
2011-12-21,12.21,8506300.0,12.5,12.49,12.1
2011-12-22,12.6,12067900.0,13.06,12.915,12.6
2011-12-23,13.06,10662000.0,13.08,12.84,12.76
2011-12-27,12.78,6029100.0,12.89,12.75,12.68
2011-12-28,12.68,6516500.0,12.73,12.575,12.5
2011-12-29,12.66,6663000.0,12.91,12.91,12.59
2011-12-30,12.93,6125400.0,12.93,12.72,12.68
2012-01-03,13.0,13867200.0,13.22,13.08,12.99
2012-01-04,12.99,8569000.0,13.2,13.09,12.89
2012-01-05,13.01,14944100.0,13.54,13.47,12.925
2012-01-06,13.49,14212500.0,13.56,13.49,13.205
2012-01-09,13.51,13639400.0,13.58,13.415,13.28
2012-01-10,13.65,18750600.0,13.96,13.85,13.58
2012-01-11,13.78,12258000.0,13.83,13.75,13.55
2012-01-12,13.78,12419600.0,13.92,13.83,13.6
2012-01-13,13.63,20302400.0,14.125,14.03,13.5
2012-01-17,14.01,13380500.0,14.16,13.735,13.64
2012-01-18,13.7,15366900.0,13.84,13.75,13.51
2012-01-19,14.0,15588900.0,14.03,13.56,13.49
2012-01-20,13.28,31337400.0,13.34,13.17,12.78
2012-01-23,13.21,21645900.0,13.65,13.4,13.21
2012-01-24,13.28,11925300.0,13.48,13.43,13.14
2012-01-25,13.37,10454600.0,13.58,13.49,13.26
2012-01-26,13.57,15365700.0,13.6,13.08,13.0
2012-01-27,13.03,8934100.0,13.32,13.23,13.0
2012-01-30,13.08,10886600.0,13.135,12.99,12.88
2012-01-31,13.04,9719300.0,13.155,13.005,12.93
2012-02-01,13.1,10758000.0,13.32,13.14,13.08
2012-02-02,13.17,6431700.0,13.36,13.23,13.0515
2012-02-03,13.46,10776400.0,13.65,13.59,13.39
2012-02-06,13.52,4891700.0,13.58,13.49,13.41
2012-02-07,13.39,10236100.0,13.72,13.53,13.39
2012-02-08,13.56,10432500.0,13.79,13.61,13.5
2012-02-09,13.64,8238800.0,13.72,13.52,13.44
2012-02-10,13.4,8014100.0,13.44,13.345,13.28
2012-02-13,13.45,8533000.0,13.61,13.5,13.45
2012-02-14,13.42,12109100.0,13.52,13.3,13.14
2012-02-15,13.34,11864900.0,13.545,13.36,13.29
2012-02-16,13.38,9658300.0,13.64,13.63,13.31
2012-02-17,13.73,10315800.0,13.85,13.8,13.6
2012-02-21,13.85,12645000.0,14.1,13.91,13.77
2012-02-22,13.88,8667400.0,13.91,13.59,13.55
2012-02-23,13.61,8678000.0,13.82,13.81,13.52
2012-02-24,13.82,11354200.0,13.92,13.6,13.52
2012-02-27,13.52,13040800.0,13.63,13.58,13.41
2012-02-28,13.63,13649200.0,13.66,13.62,13.47
2012-02-29,13.66,12207000.0,13.8,13.61,13.4487
2012-03-01,13.66,13403500.0,13.8,13.72,13.59
2012-03-02,13.74,9213800.0,13.78,13.61,13.58
2012-03-05,13.56,9731000.0,13.6,13.31,13.235
2012-03-06,13.21,13254200.0,13.22,12.935,12.88
2012-03-07,12.97,15388300.0,13.385,13.3,12.94
2012-03-08,13.43,8614800.0,13.56,13.475,13.27
2012-03-09,13.49,8732100.0,13.81,13.76,13.4001
2012-03-12,13.72,8429100.0,13.73,13.58,13.4
2012-03-13,13.7,13270100.0,14.22,14.16,13.65
2012-03-14,13.9,25689600.0,14.39,14.28,13.76
2012-03-15,14.38,18252800.0,14.72,14.47,14.17
2012-03-16,14.6,14160400.0,14.6,14.33,14.22
2012-03-19,14.37,15257800.0,14.73,14.5,14.24
2012-03-20,14.43,12388700.0,14.56,14.5,14.27
2012-03-21,14.58,14165900.0,14.66,14.24,14.23
2012-03-22,14.17,18859500.0,14.17,14.085,13.955
2012-03-23,14.09,12722000.0,14.17,14.135,13.89
2012-03-26,14.2,11208600.0,14.31,14.3,14.09
2012-03-27,14.3,12359500.0,14.33,14.0,13.99
2012-03-28,13.97,18043000.0,14.23,14.1,13.97
2012-03-29,14.06,15796000.0,14.17,14.03,13.92
2012-03-30,14.18,9077300.0,14.22,14.045,13.95
2012-04-02,13.92,16018400.0,14.51,14.44,13.92
2012-04-03,14.665,19547000.0,14.665,14.58,14.37
2012-04-04,14.41,12995500.0,14.57,14.475,14.27
2012-04-05,14.38,13852000.0,14.65,14.62,14.35
2012-04-09,14.28,11283500.0,14.49,14.31,14.25
2012-04-10,14.35,15263500.0,14.395,13.9,13.9
2012-04-11,14.11,8127600.0,14.26,14.255,13.98
2012-04-12,14.25,7163200.0,14.5,14.475,14.22
2012-04-13,14.39,10604900.0,14.42,14.02,14.0
2012-04-16,14.16,9849100.0,14.24,14.11,13.86
2012-04-17,14.31,13410400.0,14.465,14.36,14.2
2012-04-18,14.25,12301600.0,14.455,14.16,14.13
2012-04-19,14.3,22666700.0,14.34,13.725,13.61
2012-04-20,13.86,17426700.0,13.96,13.95,13.71
2012-04-23,13.67,13044000.0,13.85,13.81,13.56
2012-04-24,13.81,14147100.0,13.96,13.95,13.8
2012-04-25,14.19,13534700.0,14.4,14.31,14.0
2012-04-26,14.26,9414600.0,14.43,14.37,14.25
2012-04-27,14.41,8768400.0,14.45,14.39,14.28
2012-04-30,14.3,10796800.0,14.385,14.225,14.1
2012-05-01,14.24,7766600.0,14.55,14.4,14.21
2012-05-02,14.32,8324100.0,14.46,14.4,14.19
2012-05-03,14.4,12825600.0,14.51,14.45,14.35
2012-05-04,14.41,10380400.0,14.47,13.99,13.68
2012-05-07,13.98,13036200.0,14.45,14.39,13.97
2012-05-08,14.26,10740300.0,14.34,14.21,14.06
2012-05-09,14.03,7942200.0,14.13,13.99,13.87
2012-05-10,14.17,9215400.0,14.33,14.19,14.12
2012-05-11,14.0,10283000.0,14.235,14.07,13.85
2012-05-14,13.89,8372000.0,14.04,13.76,13.75
2012-05-15,13.77,11603400.0,13.9,13.58,13.54
2012-05-16,13.69,9508400.0,13.84,13.55,13.54
2012-05-17,13.56,14079700.0,13.58,13.29,13.29
2012-05-18,13.35,13216100.0,13.43,13.345,13.25
2012-05-21,13.36,8281600.0,13.51,13.38,13.26
2012-05-22,13.42,11260100.0,13.64,13.45,13.34
2012-05-23,13.25,20063400.0,13.59,13.59,13.18
2012-05-24,13.63,9156400.0,13.67,13.57,13.37
2012-05-25,13.6,6487400.0,13.65,13.52,13.45
2012-05-29,13.63,12460500.0,13.66,13.52,13.36
2012-05-30,13.45,11245700.0,13.45,13.23,13.18
2012-05-31,13.33,17137100.0,13.46,13.35,13.07
2012-06-01,13.1,21221900.0,13.13,12.52,12.475
2012-06-04,12.54,17837300.0,12.56,12.09,12.05
2012-06-05,12.05,16207300.0,12.38,12.23,12.04
2012-06-06,12.42,12048000.0,12.67,12.665,12.3
2012-06-07,12.87,11433300.0,12.91,12.74,12.67
2012-06-08,12.74,10782200.0,12.95,12.93,12.46
2012-06-11,13.06,11441000.0,13.12,12.71,12.68
2012-06-12,12.73,9606300.0,12.87,12.86,12.54
2012-06-13,12.82,9699500.0,13.05,12.775,12.7
2012-06-14,12.82,12541100.0,13.09,13.04,12.78
2012-06-15,13.06,10389600.0,13.19,13.18,12.95
2012-06-18,13.12,11008300.0,13.18,12.95,12.9
2012-06-19,13.06,10611600.0,13.22,13.13,13.0
2012-06-20,13.16,10280100.0,13.21,13.12,12.95
2012-06-21,13.18,17509600.0,13.25,13.04,12.95
2012-06-22,13.09,13492500.0,13.335,13.265,13.05
2012-06-25,13.03,12592400.0,13.09,12.72,12.69
2012-06-26,12.8,9737400.0,12.98,12.87,12.69
2012-06-27,12.85,8442900.0,13.015,12.98,12.75
2012-06-28,12.88,9975100.0,13.04,13.02,12.71
2012-06-29,13.43,12393700.0,13.44,13.4,13.27
2012-07-02,13.54,8569700.0,13.54,13.495,13.3
2012-07-03,13.47,4045400.0,13.61,13.5,13.46
2012-07-05,13.47,8335600.0,13.52,13.42,13.35
2012-07-06,13.23,5704100.0,13.42,13.38,13.22
2012-07-09,13.32,5630800.0,13.44,13.31,13.18
2012-07-10,13.36,8878500.0,13.46,13.11,13.07
2012-07-11,13.09,7896900.0,13.44,13.41,13.09
2012-07-12,13.26,8712700.0,13.39,13.34,13.19
2012-07-13,13.33,7176600.0,13.71,13.69,13.32
2012-07-16,13.63,5793600.0,13.715,13.645,13.52
2012-07-17,13.8,9537000.0,13.935,13.92,13.6
2012-07-18,13.88,8392800.0,13.91,13.77,13.71
2012-07-19,13.9,12150900.0,14.0,13.8,13.66
2012-07-20,13.75,7360800.0,13.8,13.64,13.44
2012-07-23,13.47,10657100.0,13.58,13.51,13.37
2012-07-24,13.58,13255300.0,13.7,13.69,13.485
2012-07-25,13.7,8540300.0,13.785,13.75,13.63
2012-07-26,13.95,14180000.0,14.21,14.14,13.89
2012-07-27,14.26,10770700.0,14.365,14.235,14.12
2012-07-30,14.23,8184500.0,14.25,14.02,13.99
2012-07-31,14.03,8853200.0,14.05,13.82,13.81
2012-08-01,13.88,9588600.0,14.04,13.79,13.78
2012-08-02,13.66,10411800.0,13.82,13.67,13.5
2012-08-03,13.91,7409100.0,14.15,14.07,13.84
2012-08-06,14.11,5449900.0,14.2,13.98,13.98
2012-08-07,14.01,9817300.0,14.34,14.23,14.0
2012-08-08,14.11,7546000.0,14.325,14.3,14.05
2012-08-09,14.34,10008000.0,14.42,14.32,14.29
2012-08-10,14.26,5906000.0,14.31,14.29,14.165
2012-08-13,14.26,5424000.0,14.37,14.32,14.17
2012-08-14,14.37,6703300.0,14.4,14.245,14.195
2012-08-15,14.2,4938300.0,14.35,14.29,14.16
2012-08-16,14.26,8295500.0,14.41,14.33,14.22
2012-08-17,14.39,10386900.0,14.47,14.4,14.29
2012-08-20,14.39,6404500.0,14.49,14.37,14.33
2012-08-21,14.46,7293200.0,14.6,14.39,14.33
2012-08-22,14.8,20330900.0,15.02,14.81,14.63
2012-08-23,14.76,6818400.0,14.8,14.63,14.6
2012-08-24,14.63,7573500.0,14.86,14.81,14.63
2012-08-27,14.93,8126200.0,14.93,14.91,14.78
2012-08-28,14.86,13444100.0,15.08,14.93,14.86
2012-08-29,14.93,7452900.0,15.15,15.12,14.93
2012-08-30,15.03,9035200.0,15.17,15.08,14.94
2012-08-31,15.14,9276500.0,15.24,15.14,15.08
2012-09-04,15.02,9604300.0,15.145,15.05,14.99
2012-09-05,15.1,16970900.0,15.12,14.92,14.89
2012-09-06,15.0,15037400.0,15.17,15.055,14.985
2012-09-07,15.13,11615900.0,15.41,15.31,15.07
2012-09-10,15.19,9135900.0,15.36,15.195,15.15
2012-09-11,15.14,12917200.0,15.32,15.18,15.09
2012-09-12,15.27,12030100.0,15.42,15.27,15.23
2012-09-13,15.25,11952500.0,15.64,15.61,15.24
2012-09-14,15.62,15004600.0,15.95,15.78,15.6
2012-09-17,15.85,9485600.0,15.85,15.74,15.7
2012-09-18,15.67,9168300.0,15.74,15.645,15.59
2012-09-19,15.63,9587800.0,15.74,15.6,15.56
2012-09-20,15.56,11600600.0,15.63,15.59,15.32
2012-09-21,15.78,8738900.0,15.78,15.575,15.54
2012-09-24,15.46,8981800.0,15.74,15.665,15.41
2012-09-25,15.68,11066900.0,15.79,15.555,15.52
2012-09-26,15.44,11210300.0,15.55,15.36,15.33
2012-09-27,15.39,7526900.0,15.6,15.485,15.32
2012-09-28,15.41,9009300.0,15.6,15.505,15.38
2012-10-01,15.37,12129300.0,15.72,15.485,15.37
2012-10-02,15.45,11145400.0,15.6,15.46,15.33
2012-10-03,15.56,10761700.0,15.78,15.705,15.5
2012-10-04,15.79,8982100.0,15.99,15.985,15.765
2012-10-05,16.01,12899000.0,16.16,15.99,15.87
2012-10-08,15.99,8129900.0,16.06,15.98,15.92
2012-10-09,16.02,9973200.0,16.04,15.86,15.8
2012-10-10,15.7,8977500.0,15.88,15.82,15.68
2012-10-11,15.91,6584500.0,16.06,15.89,15.89
2012-10-12,15.67,19630700.0,15.71,15.27,15.23
2012-10-15,15.36,10730000.0,15.39,15.37,15.17
2012-10-16,15.47,19484700.0,15.48,15.0,14.98
2012-10-17,15.02,13826100.0,15.23,15.13,15.0
2012-10-18,15.25,15986500.0,15.26,15.12,15.03
2012-10-19,15.06,12298100.0,15.16,15.0199,14.98
2012-10-22,14.96,11616500.0,15.12,15.04,14.91
2012-10-23,14.87,10971900.0,14.89,14.69,14.57
2012-10-24,14.85,8478800.0,14.85,14.57,14.54
2012-10-25,14.7,10072600.0,14.755,14.64,14.4
2012-10-26,14.62,6582600.0,14.65,14.49,14.42
2012-10-31,14.59,7306100.0,14.62,14.525,14.36
2012-11-01,14.51,11857700.0,14.57,14.555,14.4175
2012-11-02,14.56,8280600.0,14.68,14.38,14.331
2012-11-05,14.39,5384500.0,14.39,14.32,14.18
2012-11-06,14.35,7247700.0,14.63,14.59,14.35
2012-11-07,14.49,11696800.0,14.5,14.12,14.0982
2012-11-08,14.16,9446800.0,14.37,14.04,14.04
2012-11-09,14.05,12520100.0,14.28,14.16,13.88
2012-11-12,14.18,6159500.0,14.25,14.225,14.12
2012-11-13,14.14,8086000.0,14.31,14.0,13.99
2012-11-14,14.03,10156900.0,14.109,13.805,13.75
2012-11-15,13.8,9942000.0,14.065,14.0,13.75
2012-11-16,13.99,8163200.0,14.18,14.1,13.9
2012-11-19,14.3,11313600.0,14.53,14.475,14.28
2012-11-20,14.41,9104800.0,14.73,14.6,14.35
2012-11-21,14.62,5076600.0,14.65,14.58,14.44
2012-11-23,14.65,2719700.0,14.89,14.89,14.6
2012-11-26,14.76,7074900.0,14.83,14.725,14.63
2012-11-27,14.64,9561900.0,14.81,14.545,14.53
2012-11-28,14.5,7759100.0,14.67,14.67,14.33
2012-11-29,14.75,6540200.0,14.7999,14.66,14.62
2012-11-30,14.7,7091300.0,14.77,14.64,14.56
2012-12-03,14.69,11941400.0,14.69,14.41,14.34
2012-12-04,14.44,13866500.0,14.45,14.14,14.05
2012-12-05,14.19,12657200.0,14.43,14.36,14.1
2012-12-06,14.39,7240100.0,14.39,14.335,14.245
2012-12-07,14.4,7592500.0,14.54,14.535,14.35
2012-12-10,14.52,8968400.0,14.68,14.555,14.47
2012-12-11,14.58,7234400.0,14.7,14.53,14.46
2012-12-12,14.56,9424000.0,14.76,14.62,14.54
2012-12-13,14.77,9131400.0,14.77,14.51,14.44
2012-12-14,14.5,5985000.0,14.515,14.36,14.33
2012-12-17,14.43,9203000.0,14.7,14.665,14.4175
2012-12-18,14.74,13977300.0,15.12,15.08,14.67
2012-12-19,15.15,7673900.0,15.18,14.95,14.91
2012-12-20,14.94,8822400.0,15.17,15.14,14.93
2012-12-21,14.95,14283000.0,15.18,15.12,14.75
2012-12-24,15.12,3255700.0,15.2,15.04,14.97
2012-12-26,15.07,6981100.0,15.31,15.135,15.0
2012-12-27,15.03,12407400.0,15.13,15.08,14.93
2012-12-28,14.97,7252900.0,15.13,14.99,14.93
2012-12-31,14.92,8068600.0,15.21,15.2,14.91
2013-01-02,15.46,13866300.0,15.77,15.77,15.43
2013-01-03,15.76,11670500.0,15.77,15.63,15.52
2013-01-04,15.51,14800100.0,15.7,15.69,15.48
2013-01-07,15.62,10651000.0,15.655,15.58,15.44
2013-01-08,15.63,10703400.0,15.645,15.44,15.4
2013-01-09,15.49,9882600.0,15.59,15.41,15.36
2013-01-10,15.52,11495700.0,15.72,15.7,15.46
2013-01-11,15.69,10867300.0,15.69,15.47,15.35
2013-01-14,15.49,7942100.0,15.5,15.35,15.28
2013-01-15,15.25,7682300.0,15.48,15.41,15.19
2013-01-16,15.4,14767200.0,15.76,15.55,15.35
2013-01-17,15.98,25139000.0,16.39,16.29,15.89
2013-01-18,16.44,17729900.0,16.63,16.379,16.34
2013-01-22,16.3,8941800.0,16.52,16.5,16.26
2013-01-23,16.46,8203900.0,16.56,16.37,16.31
2013-01-24,16.43,7786200.0,16.5,16.39,16.27
2013-01-25,16.42,5722600.0,16.46,16.37,16.255
2013-01-28,16.34,8723400.0,16.41,16.18,16.08
2013-01-29,16.34,8274200.0,16.39,16.27,16.11
2013-01-30,16.28,11003200.0,16.39,16.33,16.17
2013-01-31,16.3,8396800.0,16.345,16.29,16.18
2013-02-01,16.36,12703800.0,16.63,16.49,16.35
2013-02-04,16.3,11778200.0,16.34,16.2,16.16
2013-02-05,16.34,9336600.0,16.58,16.51,16.28
2013-02-06,16.45,5938900.0,16.61,16.59,16.37
2013-02-07,16.64,10888100.0,16.77,16.47,16.36
2013-02-08,16.55,9814100.0,16.61,16.61,16.4
2013-02-11,16.44,12187700.0,16.52,16.5,16.38
2013-02-12,16.54,8284800.0,16.63,16.56,16.45
2013-02-13,16.53,16635700.0,16.55,16.11,16.05
2013-02-14,16.09,11091200.0,16.19,16.13,16.04
2013-02-15,16.12,9472000.0,16.16,16.045,16.0
2013-02-19,16.07,11020500.0,16.16,15.96,15.94
2013-02-20,15.95,12260600.0,16.03,15.83,15.79
2013-02-21,15.85,17670900.0,15.965,15.6,15.51
2013-02-22,15.77,6752300.0,15.84,15.8,15.7
2013-02-25,15.9,12966000.0,15.94,15.53,15.52
2013-02-26,15.6,10616400.0,15.64,15.56,15.43
2013-02-27,15.56,8481500.0,15.76,15.72,15.47
2013-02-28,15.68,8898900.0,15.925,15.84,15.67
2013-03-01,15.73,11481200.0,15.9,15.825,15.57
2013-03-04,15.83,8629000.0,16.04,16.02,15.71
2013-03-05,16.15,15272900.0,16.19,16.02,15.88
2013-03-06,16.06,11432600.0,16.12,16.03,15.88
2013-03-07,16.05,8861600.0,16.25,16.23,16.01
2013-03-08,16.35,8404200.0,16.37,16.34,16.18
2013-03-11,16.37,10537300.0,16.42,16.35,16.24
2013-03-12,16.38,6625700.0,16.46,16.25,16.23
2013-03-13,16.24,8843800.0,16.39,16.39,16.18
2013-03-14,16.44,8663400.0,16.55,16.37,16.3
2013-03-15,16.35,16194500.0,16.61,16.61,16.3
2013-03-18,16.37,7536400.0,16.54,16.48,16.27
2013-03-19,16.56,8466000.0,16.58,16.51,16.41
2013-03-20,16.61,7800400.0,16.62,16.52,16.48
2013-03-21,16.4,8305100.0,16.515,16.37,16.35
2013-03-22,16.37,7034400.0,16.445,16.29,16.23
2013-03-25,16.31,8041100.0,16.39,16.35,16.22
2013-03-26,16.36,6967600.0,16.45,16.41,16.29
2013-03-27,16.34,4895200.0,16.4,16.37,16.25
2013-03-28,16.31,5584400.0,16.37,16.31,16.2
2013-04-01,16.28,5702700.0,16.3,16.14,16.06
2013-04-02,16.14,6808400.0,16.22,16.16,16.08
2013-04-03,16.13,13451600.0,16.23,15.99,15.815
2013-04-04,15.99,8668800.0,16.04,15.95,15.85
2013-04-05,15.73,10322800.0,16.06,16.02,15.64
2013-04-08,15.99,10211700.0,16.26,16.22,15.89
2013-04-09,16.3,8064300.0,16.49,16.39,16.2
2013-04-10,16.57,9086900.0,16.68,16.63,16.46
2013-04-11,16.62,9786800.0,16.86,16.86,16.53
2013-04-12,16.69,16086400.0,16.74,16.49,16.35
2013-04-15,16.47,10054600.0,16.49,16.08,16.06
2013-04-16,16.16,9928500.0,16.27,16.15,16.06
2013-04-17,15.97,11215000.0,15.98,15.8,15.64
2013-04-18,16.25,16586100.0,16.25,15.92,15.62
2013-04-19,16.03,11483200.0,16.42,16.4,15.89
2013-04-22,16.31,6563600.0,16.34,16.245,16.11
2013-04-23,16.31,8093500.0,16.5,16.47,16.22
2013-04-24,16.48,6444900.0,16.72,16.72,16.445
2013-04-25,16.75,5791500.0,16.95,16.83,16.69
2013-04-26,16.81,3342700.0,16.845,16.76,16.65
2013-04-29,16.77,4412600.0,16.89,16.83,16.76
2013-04-30,16.84,9295500.0,17.04,17.03,16.68
2013-05-01,17.03,7515000.0,17.105,16.75,16.7
2013-05-02,16.77,4457000.0,16.97,16.86,16.71
2013-05-03,17.05,6916000.0,17.12,17.1,17.01
2013-05-06,17.08,4109300.0,17.31,17.3,17.02
2013-05-07,17.37,6898100.0,17.53,17.51,17.3
2013-05-08,17.5,7591900.0,17.67,17.62,17.45
2013-05-09,17.66,8011200.0,17.81,17.57,17.53
2013-05-10,17.6,5419300.0,17.73,17.71,17.5799
2013-05-13,17.65,13724100.0,17.76,17.7,17.55
2013-05-14,17.73,7011100.0,17.97,17.91,17.7292
2013-05-15,17.91,6229900.0,18.15,18.08,17.81
2013-05-16,18.01,5154600.0,18.2,18.02,17.97
2013-05-17,18.17,6115300.0,18.31,18.25,18.04
2013-05-20,18.23,6307200.0,18.41,18.39,18.19
2013-05-21,18.45,7774100.0,18.495,18.3,18.22
2013-05-22,18.37,13408800.0,18.49,18.0,17.99
2013-05-23,17.81,8075700.0,18.2,18.1,17.76
2013-05-24,18.06,5606000.0,18.25,18.25,18.01
2013-05-28,18.52,6804000.0,18.6,18.43,18.36
2013-05-29,18.28,11196400.0,18.55,18.47,18.26
2013-05-30,18.46,9266500.0,18.7354,18.53,18.45
2013-05-31,18.47,9136700.0,18.5499,18.2,18.2
2013-06-03,18.23,10743200.0,18.32,18.2,17.82
2013-06-04,18.17,9863900.0,18.31,17.92,17.88
2013-06-05,17.88,8452600.0,17.97,17.71,17.68
2013-06-06,17.66,9101000.0,18.07,18.07,17.64
2013-06-07,18.24,8354000.0,18.44,18.42,18.09
2013-06-10,18.42,8096900.0,18.7,18.6,18.42
2013-06-11,18.47,8191500.0,18.555,18.34,18.29
2013-06-12,18.47,9989300.0,18.49,18.32,18.23
2013-06-13,18.25,8225900.0,18.49,18.45,18.15
2013-06-14,18.47,8866600.0,18.49,18.31,18.2
2013-06-17,18.46,6971500.0,18.53,18.29,18.2
2013-06-18,18.33,6251100.0,18.49,18.4,18.26
2013-06-19,18.36,10728200.0,18.47,18.1,18.085
2013-06-20,17.9,18099400.0,17.96,17.78,17.665
2013-06-21,17.89,23647100.0,17.96,17.7,17.43
2013-06-24,17.59,14737800.0,17.68,17.46,17.33
2013-06-25,17.67,11151400.0,17.94,17.88,17.55
2013-06-26,17.98,6414700.0,18.04,17.925,17.79
2013-06-27,18.06,8335300.0,18.32,18.1,18.0
2013-06-28,18.09,11104900.0,18.23,18.05,17.82
2013-07-01,18.23,6009200.0,18.48,18.28,18.05
2013-07-02,18.29,8840400.0,18.58,18.48,18.23
2013-07-03,18.45,5584700.0,18.5,18.37,18.2
2013-07-05,18.45,11339300.0,18.68,18.67,18.37
2013-07-08,18.75,11825700.0,18.81,18.58,18.46
2013-07-09,18.76,10268400.0,18.81,18.8,18.55
2013-07-10,18.82,14880700.0,18.85,18.79,18.59
2013-07-11,19.03,10249700.0,19.08,18.81,18.67
2013-07-12,18.79,5734700.0,18.995,18.981,18.75
2013-07-15,19.02,6823800.0,19.0725,18.99,18.91
2013-07-16,19.01,6900500.0,19.09,18.86,18.67
2013-07-17,18.86,8009200.0,19.01,18.99,18.8
2013-07-18,18.8,17975200.0,18.97,18.945,18.27
2013-07-19,19.02,10323700.0,19.08,19.015,18.79
2013-07-22,19.16,7305300.0,19.35,19.34,18.96
2013-07-23,19.39,8691500.0,19.515,19.42,19.15
2013-07-24,19.49,10151300.0,19.79,19.59,19.43
2013-07-25,19.26,7790800.0,19.44,19.37,19.22
2013-07-26,19.17,4209600.0,19.38,19.37,19.17
2013-07-29,19.31,6179800.0,19.41,19.21,19.14
2013-07-30,19.32,5155400.0,19.4,19.26,19.195
2013-07-31,19.33,8748400.0,19.635,19.24,19.2
2013-08-01,19.44,5835400.0,19.65,19.6,19.32
2013-08-02,19.63,5585900.0,19.73,19.69,19.49
2013-08-05,19.7,4125200.0,19.71,19.58,19.52
2013-08-06,19.5,5557700.0,19.57,19.36,19.28
2013-08-07,19.31,6151500.0,19.33,19.22,19.16
2013-08-08,19.35,7554600.0,19.41,19.225,19.11
2013-08-09,19.17,5323900.0,19.38,19.3,19.17
2013-08-12,19.22,3901000.0,19.43,19.27,19.17
2013-08-13,19.13,10036500.0,19.32,19.09,18.97
2013-08-14,19.06,6817500.0,19.25,19.14,19.05
2013-08-15,19.06,6104700.0,19.15,19.04,18.98
2013-08-16,19.08,5672700.0,19.29,19.16,19.03
2013-08-19,19.13,6294900.0,19.15,19.01,18.97
2013-08-20,19.05,7299100.0,19.2,19.06,18.9
2013-08-21,18.98,7921100.0,19.17,18.93,18.89
2013-08-22,18.97,6032500.0,19.235,19.18,18.94
2013-08-23,19.31,3798200.0,19.32,19.2,19.04
2013-08-26,19.24,5896900.0,19.28,18.99,18.99
2013-08-27,18.8,10529900.0,18.86,18.43,18.43
2013-08-28,18.33,8269200.0,18.48,18.35,18.15
2013-08-29,18.2,4669100.0,18.55,18.39,18.17
2013-08-30,18.45,6179700.0,18.45,18.29,18.22
2013-09-03,18.53,7389400.0,18.66,18.31,18.16
2013-09-04,18.37,7631200.0,18.5,18.36,18.23
2013-09-05,18.38,6300100.0,18.635,18.53,18.36
2013-09-06,18.63,5249500.0,18.665,18.47,18.33
2013-09-09,18.25,9006800.0,18.5,18.38,18.13
2013-09-10,18.57,8943000.0,18.585,18.5,18.39
2013-09-11,18.51,5716000.0,18.62,18.58,18.4
2013-09-12,18.6,5828600.0,18.64,18.49,18.49
2013-09-13,18.53,10692400.0,18.57,18.38,18.32
2013-09-16,18.65,8353700.0,18.68,18.49,18.45
2013-09-17,18.42,10143200.0,18.6,18.55,18.33
2013-09-18,18.47,13477300.0,18.81,18.62,18.375
2013-09-19,18.63,13397500.0,18.7,18.53,18.33
2013-09-20,18.43,10895900.0,18.56,18.391,18.37
2013-09-23,18.31,6913100.0,18.34,18.15,18.09
2013-09-24,18.08,8161500.0,18.22,18.035,17.965
2013-09-25,18.29,9896300.0,18.35,18.291,17.95
2013-09-26,18.24,4527200.0,18.295,18.08,17.99
2013-09-27,17.93,5053000.0,18.24,18.08,17.93
2013-09-30,17.95,6047600.0,18.125,18.05,17.8
2013-10-01,17.98,6151200.0,18.27,18.26,17.98
2013-10-02,18.12,10707400.0,18.17,18.05,18.0
2013-10-03,17.98,6392200.0,18.04,17.995,17.84
2013-10-04,18.0,6107800.0,18.21,18.19,17.93
2013-10-07,18.03,5149800.0,18.05,17.775,17.77
2013-10-08,17.81,9268600.0,17.84,17.5,17.49
2013-10-09,17.58,10170900.0,17.839,17.755,17.5
2013-10-10,17.96,10817600.0,18.25,18.14,17.92
2013-10-11,17.99,9319400.0,18.28,18.2,17.81
2013-10-14,18.08,5592000.0,18.35,18.31,18.07
2013-10-15,18.37,7453300.0,18.395,18.13,18.12
2013-10-16,18.25,7907300.0,18.52,18.4,18.16
2013-10-17,18.39,14253500.0,19.0,18.965,18.34
2013-10-18,19.01,9457800.0,19.33,19.28,18.91
2013-10-21,18.79,7387100.0,19.39,19.22,18.79
2013-10-22,19.24,6871200.0,19.385,19.34,19.17
2013-10-23,19.28,5900600.0,19.34,19.225,19.15
2013-10-24,19.29,9931700.0,19.32,19.12,18.99
2013-10-25,19.1,7152300.0,19.22,19.08,18.95
2013-10-28,19.12,7314400.0,19.2,19.18,18.955
2013-10-29,19.25,7468900.0,19.27,19.21,19.09
2013-10-30,19.26,7166300.0,19.3,19.24,19.16
2013-10-31,19.27,6206500.0,19.28,19.035,19.03
2013-11-01,19.08,4738900.0,19.11,18.985,18.87
2013-11-04,19.0,4764200.0,19.06,18.839,18.79
2013-11-05,18.77,7932500.0,19.23,19.14,18.75
2013-11-06,19.09,6978100.0,19.19,19.125,19.03
2013-11-07,19.19,8906100.0,19.3,19.08,19.08
2013-11-08,19.15,15342200.0,20.03,20.01,19.06
2013-11-11,20.04,7219200.0,20.06,19.77,19.62
2013-11-12,19.1,4931100.0,19.83,19.56,19.1
2013-11-13,19.52,10260500.0,19.925,19.91,19.44
2013-11-14,19.96,5579700.0,20.05,20.025,19.871
2013-11-15,20.13,6062300.0,20.16,19.94,19.91
2013-11-18,19.94,6603200.0,20.21,20.0,19.75
2013-11-19,19.99,6723400.0,20.15,19.91,19.89
2013-11-20,20.98,7114500.0,20.98,19.92,19.795
2013-11-21,20.0,8902600.0,20.47,20.34,19.95
2013-11-22,20.4,9437300.0,20.58,20.58,20.12
2013-11-25,20.7,11186300.0,20.745,20.57,20.4875
2013-11-26,20.63,7413800.0,20.63,20.34,20.33
2013-11-27,20.43,4329600.0,20.53,20.45,20.35
2013-11-29,20.5,2814400.0,20.5,20.32,20.3
2013-12-02,20.36,5456500.0,20.43,20.2,20.17
2013-12-03,20.17,7438600.0,20.29,19.99,19.85
2013-12-04,19.99,9838200.0,20.22,19.88,19.76
2013-12-05,19.87,7331800.0,20.05,19.82,19.79
2013-12-06,20.03,7856900.0,20.34,20.34,19.94
2013-12-09,20.34,6501900.0,20.49,20.24,20.19
2013-12-10,20.18,5623100.0,20.45,20.31,19.95
2013-12-11,20.4,7680100.0,20.44,20.16,20.14
2013-12-12,20.2,6605800.0,20.38,20.25,20.08
2013-12-13,20.34,5985200.0,20.34,20.09,19.99
2013-12-16,20.55,7702300.0,20.56,20.35,20.31
2013-12-17,20.21,6034800.0,20.3,20.15,20.05
2013-12-18,20.12,8050300.0,20.51,20.45,20.01
2013-12-19,20.38,6318600.0,20.74,20.67,20.36
2013-12-20,20.57,8948500.0,20.86,20.81,20.57
2013-12-23,20.93,5619000.0,21.13,20.95,20.89
2013-12-24,20.97,1558200.0,21.1,20.98,20.88
2013-12-26,21.01,3884700.0,21.135,21.04,20.9614
2013-12-27,20.91,3983500.0,21.11,20.92,20.89
2013-12-30,20.99,3811800.0,21.07,20.92,20.88
2013-12-31,21.0,4980500.0,21.12,21.03,20.93
2014-01-02,20.94,6971200.0,21.06,20.87,20.83
2014-01-03,20.91,4436600.0,21.06,20.92,20.85
2014-01-06,21.01,7209400.0,21.33,20.95,20.94
2014-01-07,21.09,6549200.0,21.2,21.025,20.93
2014-01-08,21.02,7551400.0,21.225,21.13,21.0
2014-01-09,21.14,8873100.0,21.45,21.32,21.14
2014-01-10,21.25,8715300.0,21.545,21.53,21.25
2014-01-13,21.5,8250700.0,21.62,21.25,21.21
2014-01-14,21.31,7441300.0,21.525,21.36,21.21
2014-01-15,21.41,5218400.0,21.635,21.57,21.4
2014-01-16,21.49,5595100.0,21.55,21.37,21.31
2014-01-17,21.46,6725800.0,21.825,21.55,21.41
2014-01-21,21.63,6866600.0,21.89,21.82,21.63
2014-01-22,21.96,7739800.0,21.96,21.92,21.78
2014-01-23,21.65,11224700.0,21.91,21.52,21.35
2014-01-24,21.35,9504500.0,21.54,21.32,21.28
2014-01-27,21.9,9455800.0,21.91,21.13,21.09
2014-01-28,21.16,9397900.0,21.425,21.3,21.14
2014-01-29,21.14,12290000.0,21.335,20.95,20.9
2014-01-30,21.09,5822300.0,21.32,21.24,21.045
2014-01-31,20.98,7693400.0,21.27,21.02,20.81
2014-02-03,20.94,18238600.0,21.13,20.5,20.42
2014-02-04,20.55,10596700.0,20.87,20.59,20.37
2014-02-05,20.6,7677500.0,20.8,20.65,20.46
2014-02-06,20.98,7596800.0,21.11,21.08,20.835
2014-02-07,21.12,6795500.0,21.25,21.1,20.91
2014-02-10,21.5,8595300.0,21.5,21.27,21.14
2014-02-11,21.23,9048400.0,21.44,21.37,20.94
2014-02-12,21.46,9049400.0,21.665,21.36,21.28
2014-02-13,21.29,6968200.0,21.54,21.54,21.19
2014-02-14,21.46,5524400.0,21.72,21.63,21.42
2014-02-18,21.68,6896100.0,21.8,21.66,21.58
2014-02-19,21.63,10907400.0,21.66,21.31,21.26
2014-02-20,21.29,7189700.0,21.395,21.34,21.12
2014-02-21,21.39,8206400.0,21.605,21.44,21.34
2014-02-24,21.45,9382800.0,21.7,21.61,21.45
2014-02-25,21.66,7963900.0,21.74,21.61,21.44
2014-02-26,21.67,7201000.0,21.73,21.66,21.4999
2014-02-27,21.67,6945800.0,21.72,21.72,21.51
2014-02-28,21.76,12470500.0,21.86,21.695,21.56
2014-03-03,21.53,8702100.0,21.58,21.52,21.41
2014-03-04,21.78,10185600.0,22.05,21.96,21.66
2014-03-05,21.94,7129900.0,22.23,22.2,21.88
2014-03-06,22.25,5626500.0,22.42,22.3,22.23
2014-03-07,22.42,7670900.0,22.75,22.63,22.42
2014-03-10,22.56,6099800.0,22.7,22.7,22.46
2014-03-11,22.72,5603200.0,22.745,22.51,22.4401
2014-03-12,22.39,6213200.0,22.57,22.53,22.29
2014-03-13,22.56,6998000.0,22.73,22.43,22.345
2014-03-14,22.37,6313900.0,22.53,22.34,22.23
2014-03-17,22.81,5792100.0,22.83,22.6,22.42
2014-03-18,22.61,7586900.0,22.84,22.78,22.51
2014-03-19,22.76,6884700.0,23.0,22.83,22.64
2014-03-20,22.84,9007600.0,23.49,23.36,22.8
2014-03-21,23.63,17742000.0,23.9,23.39,23.31
2014-03-24,23.49,6801800.0,23.68,23.38,23.24
2014-03-25,23.42,7236500.0,23.515,23.34,23.3
2014-03-26,23.51,6929300.0,23.56,23.26,23.25
2014-03-27,23.12,13658600.0,23.24,22.55,22.41
2014-03-28,22.58,5163700.0,22.85,22.72,22.48
2014-03-31,22.93,6437800.0,23.03,22.955,22.83
2014-04-01,23.09,5466500.0,23.18,23.08,22.89
2014-04-02,23.14,5085800.0,23.185,23.06,22.95
2014-04-03,23.17,7500000.0,23.215,23.19,23.04
2014-04-04,23.25,6820700.0,23.405,22.92,22.89
2014-04-07,22.88,9015200.0,22.95,22.51,22.45
2014-04-08,22.53,6392100.0,22.64,22.45,22.31
2014-04-09,22.5,6123200.0,22.675,22.61,22.44
2014-04-10,22.66,11973900.0,22.7,21.8,21.75
2014-04-11,21.41,9470800.0,21.81,21.56,21.4
2014-04-14,21.87,6259600.0,21.87,21.6,21.35
2014-04-15,21.59,7973900.0,21.77,21.63,21.335
2014-04-16,21.84,7771300.0,21.9,21.85,21.595
2014-04-17,21.31,16990700.0,21.52,20.95,20.7528
2014-04-21,21.08,10444100.0,21.24,20.72,20.67
2014-04-22,20.81,12085100.0,21.02,21.0,20.62
2014-04-23,20.98,8062200.0,21.22,21.15,20.94
2014-04-24,21.23,9493200.0,21.23,21.03,20.8
2014-04-25,20.88,8603800.0,20.88,20.75,20.63
2014-04-28,20.72,10173800.0,20.76,20.51,20.31
2014-04-29,20.53,11928900.0,20.72,20.48,20.425
2014-04-30,20.42,8692100.0,20.68,20.61,20.35
2014-05-01,20.56,11335000.0,20.68,20.35,20.3
2014-05-02,20.3,9890900.0,20.84,20.555,20.3
2014-05-05,20.52,8365100.0,20.75,20.59,20.4
2014-05-06,20.41,7455500.0,20.55,20.28,20.25
2014-05-07,20.36,9701000.0,20.73,20.71,20.29
2014-05-08,20.66,8009400.0,20.88,20.6,20.58
2014-05-09,20.49,8482500.0,20.59,20.55,20.23
2014-05-12,20.66,7288000.0,20.89,20.88,20.57
2014-05-13,20.88,5752100.0,20.95,20.8,20.75
2014-05-14,20.75,5577800.0,20.79,20.47,20.4
2014-05-15,20.42,11601000.0,20.44,20.16,19.92
2014-05-16,20.13,11883700.0,20.2,20.03,19.83
2014-05-19,20.0,8730900.0,20.25,20.2,19.82
2014-05-20,20.23,7461900.0,20.25,20.06,19.95
2014-05-21,20.18,10029200.0,20.43,20.37,20.12
2014-05-22,20.33,7374300.0,20.56,20.41,20.25
2014-05-23,20.44,6340700.0,20.7,20.54,20.35
2014-05-27,20.6,6333400.0,20.905,20.7,20.6
2014-05-28,20.65,5832000.0,20.7,20.6,20.545
2014-05-29,20.6,6444900.0,20.65,20.55,20.39
2014-05-30,20.61,6537000.0,20.77,20.69,20.565
2014-06-02,20.79,8740700.0,20.99,20.95,20.55
2014-06-03,20.86,17970600.0,21.4,21.19,20.85
2014-06-04,21.09,10202300.0,21.26,21.09,21.0
2014-06-05,21.13,10609600.0,21.25,21.19,20.915
2014-06-06,21.32,9883200.0,21.37,21.33,21.01
2014-06-09,21.28,9240400.0,21.71,21.635,21.27
2014-06-10,21.6,6128900.0,21.63,21.54,21.45
2014-06-11,21.47,5599900.0,21.56,21.44,21.345
2014-06-12,21.37,6311800.0,21.55,21.29,21.27
2014-06-13,21.4,6647800.0,21.57,21.37,21.28
2014-06-16,21.24,6900100.0,21.29,21.11,21.0
2014-06-17,21.03,9316900.0,21.63,21.48,21.01
2014-06-18,21.51,9144200.0,21.54,21.49,21.23
2014-06-19,21.81,7840500.0,21.81,21.51,21.34
2014-06-20,21.65,7451600.0,21.78,21.59,21.51
2014-06-23,21.64,4576100.0,21.64,21.53,21.44
2014-06-24,21.5,7980700.0,21.74,21.46,21.445
2014-06-25,21.34,9006700.0,21.51,21.45,21.12
2014-06-26,21.34,5670200.0,21.385,21.29,21.105
2014-06-27,21.29,6966800.0,21.32,21.26,21.1
2014-06-30,21.33,6321200.0,21.41,21.35,21.16
2014-07-01,21.46,8530100.0,21.69,21.535,21.36
2014-07-02,21.47,6146000.0,21.66,21.41,21.34
2014-07-03,21.52,4007100.0,21.69,21.63,21.475
2014-07-07,21.49,5583000.0,21.65,21.57,21.48
2014-07-08,21.56,9411700.0,21.56,21.408,21.33
2014-07-09,21.44,6922600.0,21.62,21.515,21.43
2014-07-10,21.31,8623500.0,21.34,21.22,21.16
2014-07-11,21.21,6462100.0,21.5,21.43,21.1
2014-07-14,21.56,6229800.0,21.6282,21.4,21.34
2014-07-15,21.3,10491700.0,21.79,21.75,21.3
2014-07-16,21.78,11517900.0,21.79,21.55,21.44
2014-07-17,21.12,26030400.0,21.2,20.28,20.16
2014-07-18,20.42,17694800.0,20.505,20.45,20.1147
2014-07-21,20.56,8143900.0,20.74,20.53,20.34
2014-07-22,20.66,10887700.0,20.77,20.7,20.605
2014-07-23,20.78,7362900.0,20.81,20.74,20.59
2014-07-24,20.74,11285600.0,21.15,21.085,20.74
2014-07-25,20.95,10398300.0,21.28,21.18,20.94
2014-07-28,21.18,7111100.0,21.2,20.88,20.83
2014-07-29,20.84,7976900.0,20.995,20.74,20.73
2014-07-30,20.86,7669600.0,20.965,20.79,20.65
2014-07-31,20.74,8426900.0,20.75,20.48,20.455
2014-08-01,20.4,14570300.0,20.54,20.0,19.9
2014-08-04,20.09,6430900.0,20.15,19.97,19.83
2014-08-05,19.85,10912700.0,20.0,19.66,19.6
2014-08-06,19.55,7388400.0,19.815,19.675,19.465
2014-08-07,19.75,6374500.0,19.85,19.52,19.46
2014-08-08,19.6,4242300.0,19.68,19.67,19.45
2014-08-11,19.77,5710000.0,19.77,19.6,19.53
2014-08-12,19.5,6017500.0,19.67,19.59,19.45
2014-08-13,19.59,5443500.0,19.79,19.65,19.57
2014-08-14,19.72,5618900.0,19.89,19.81,19.66
2014-08-15,19.84,5832200.0,19.95,19.73,19.609
2014-08-18,19.87,5689600.0,20.06,20.02,19.86
2014-08-19,20.01,6247700.0,20.21,19.965,19.94
2014-08-20,19.91,4659200.0,20.14,20.1,19.89
2014-08-21,20.08,5277000.0,20.31,20.25,19.99
2014-08-22,20.26,7433400.0,20.46,20.32,20.16
2014-08-25,20.42,6227000.0,20.61,20.44,20.36
2014-08-26,19.97,3575900.0,20.6,20.42,19.97
2014-08-27,20.49,5124100.0,20.59,20.29,20.25
2014-08-28,20.18,4644900.0,20.3358,20.27,20.105
2014-08-29,20.3,4509400.0,20.4699,20.405,20.29
2014-09-02,20.41,4932500.0,20.58,20.51,20.33
2014-09-03,20.59,6501700.0,20.67,20.41,20.35
2014-09-04,20.5,6223400.0,20.57,20.42,20.38
2014-09-05,20.34,7534600.0,20.49,20.37,20.2
2014-09-08,20.4,5783600.0,20.48,20.35,20.215
2014-09-09,20.32,4874600.0,20.33,20.21,20.1
2014-09-10,20.34,7209000.0,20.59,20.45,20.27
2014-09-11,20.4,4568700.0,20.61,20.49,20.39
2014-09-12,20.51,6871800.0,20.855,20.645,20.51
2014-09-15,20.59,4840500.0,20.69,20.53,20.49
2014-09-16,20.48,5671200.0,20.74,20.57,20.47
2014-09-17,20.59,6154500.0,20.91,20.74,20.55
2014-09-18,20.8,7449600.0,21.1,21.01,20.72
2014-09-19,21.15,8523300.0,21.2,20.92,20.88
2014-09-22,20.93,4857600.0,21.055,20.79,20.76
2014-09-23,20.7,4911900.0,20.79,20.53,20.53
2014-09-24,20.47,4960796.0,20.625,20.59,20.42
2014-09-25,20.51,6229991.0,20.56,20.305,20.23
2014-09-26,20.22,3529298.0,20.35,20.29,20.17
2014-09-29,20.09,5141811.0,20.22,20.115,20.03
2014-09-30,20.18,6619583.0,20.27,20.02,19.98
2014-10-01,20.03,7078976.0,20.12,19.795,19.79
2014-10-02,19.81,9239292.0,19.93,19.79,19.55
2014-10-03,19.97,10086895.0,20.11,20.05,19.87
2014-10-06,20.13,5517321.0,20.19,19.92,19.88
2014-10-07,19.83,5902940.0,19.97,19.66,19.66
2014-10-08,19.72,10087395.0,20.12,20.1,19.67
2014-10-09,19.98,8611102.0,20.08,19.62,19.6
2014-10-10,19.69,6813937.0,19.81,19.43,19.43
2014-10-13,19.41,5569518.0,19.59,19.245,19.24
2014-10-14,19.28,7877461.0,19.48,19.245,19.16
2014-10-15,18.98,14510971.0,19.06,18.58,18.21
2014-10-16,18.0,24707127.0,18.32,17.74,17.65
2014-10-17,17.97,14195795.0,18.2,18.13,17.8
2014-10-20,18.13,8806165.0,18.38,18.35,18.05
2014-10-21,18.48,12024967.0,18.88,18.87,18.44
2014-10-22,18.88,8134132.0,19.04,18.83,18.82
2014-10-23,19.29,8729573.0,19.3,18.98,18.88
2014-10-24,18.95,4441441.0,19.12,19.12,18.9
2014-10-27,19.08,3618477.0,19.16,19.15,18.99
2014-10-28,19.35,4462574.0,19.53,19.52,19.15
2014-10-29,19.46,6159664.0,19.76,19.7,19.38
2014-10-30,19.69,5311626.0,19.84,19.73,19.55
2014-10-31,19.97,6246104.0,20.03,19.99,19.81
2014-11-03,19.99,5112987.0,20.175,19.96,19.87
2014-11-04,19.9,5085314.0,20.0,19.81,19.705
2014-11-05,20.08,6887192.0,20.2,20.18,19.92
2014-11-06,20.23,7619519.0,20.33,20.3,20.07
2014-11-07,20.32,7022617.0,20.32,20.11,19.88
2014-11-10,20.13,4737336.0,20.31,20.18,20.05
2014-11-11,20.2,5301569.0,20.28,20.24,20.13
2014-11-12,20.12,5669324.0,20.39,20.38,20.1
2014-11-13,20.43,4381327.0,20.43,20.31,20.23
2014-11-14,20.1,3351753.0,20.345,20.16,20.1
2014-11-17,20.1,3625047.0,20.19,20.165,20.0
2014-11-18,20.15,2777422.0,20.3,20.19,20.08
2014-11-19,20.19,4756761.0,20.19,20.01,19.92
2014-11-20,19.86,3652032.0,20.17,20.165,19.85
2014-11-21,20.43,4058882.0,20.43,20.13,20.06
2014-11-24,20.22,3785895.0,20.42,20.35,20.22
2014-11-25,20.36,5644811.0,20.37,20.22,20.09
2014-11-26,20.27,3341407.0,20.31,20.29,20.145
2014-11-28,20.31,2207880.0,20.4053,20.12,20.09
2014-12-01,20.02,5889830.0,20.08,19.75,19.61
2014-12-02,19.75,6005695.0,20.01,19.92,19.72
2014-12-03,19.95,6115530.0,20.12,20.08,19.89
2014-12-04,20.06,5114503.0,20.2,20.16,19.98
2014-12-05,20.29,8551374.0,20.67,20.63,20.2
2014-12-08,20.26,6851105.0,20.81,20.66,20.26
2014-12-09,20.49,7959472.0,20.82,20.69,20.41
2014-12-10,20.58,8998962.0,20.61,20.02,20.01
2014-12-11,20.18,6764655.0,20.325,20.06,20.0
2014-12-12,19.82,9266912.0,20.03,19.74,19.67
2014-12-15,19.83,9637626.0,19.86,19.45,19.37
2014-12-16,19.27,7933457.0,19.665,19.31,19.23
2014-12-17,19.38,9335504.0,19.64,19.6,19.3
2014-12-18,19.82,9608103.0,20.09,20.09,19.66
2014-12-19,20.08,14801323.0,20.28,20.07,19.99
2014-12-22,19.99,7530058.0,20.2,20.15,19.97
2014-12-23,20.29,5839806.0,20.67,20.58,20.26
2014-12-24,20.65,2191913.0,20.67,20.59,20.405
2014-12-26,20.69,2694610.0,20.7,20.59,20.5
2014-12-29,20.42,4693068.0,20.76,20.59,20.38
2014-12-30,20.54,5419566.0,20.73,20.675,20.43
2014-12-31,20.71,6014904.0,20.74,20.375,20.37
2015-01-02,20.41,6398967.0,20.53,20.21,19.99
2015-01-05,20.02,7501117.0,20.09,19.6,19.59
2015-01-06,19.65,27930004.0,19.79,18.81,18.8
2015-01-07,19.1,12862197.0,19.13,19.02,18.81
2015-01-08,19.19,14648791.0,19.47,19.45,19.14
2015-01-09,19.5,6817144.0,19.52,18.93,18.9
2015-01-12,18.9,11466437.0,18.98,18.64,18.53
2015-01-13,18.86,10613111.0,19.01,18.51,18.405
2015-01-14,18.24,14223001.0,18.31,18.21,17.975
2015-01-15,18.18,9330931.0,18.35,18.02,17.91
2015-01-16,17.96,10179251.0,18.325,18.3,17.91
2015-01-20,18.54,10925645.0,18.54,18.08,17.89
2015-01-21,17.96,28189876.0,18.18,17.53,17.43
2015-01-22,17.58,25885654.0,18.05,17.91,17.47
2015-01-23,17.84,11882917.0,18.16,17.67,17.67
2015-01-26,17.73,9073390.0,18.04,17.93,17.64
2015-01-27,17.66,7305508.0,17.87,17.665,17.58
2015-01-28,17.84,7541180.0,17.84,17.22,17.22
2015-01-29,17.17,7230316.0,17.5,17.46,17.14
2015-01-30,17.23,10799857.0,17.58,17.3,17.16
2015-02-02,17.52,12585477.0,17.97,17.88,17.41
2015-02-03,17.94,11502400.0,18.31,18.25,17.92
2015-02-04,18.22,13803769.0,18.48,18.35,18.14
2015-02-05,18.25,9960932.0,18.68,18.63,18.25
2015-02-06,18.82,23096073.0,19.16,18.89,18.8
2015-02-09,18.74,9747353.0,18.92,18.79,18.66
2015-02-10,18.7,8922774.0,18.87,18.85,18.68
2015-02-11,18.82,8543270.0,18.86,18.78,18.69
2015-02-12,18.91,9822995.0,19.22,19.19,18.78
2015-02-13,19.19,4802332.0,19.36,19.26,19.12
2015-02-17,19.27,8209443.0,19.47,19.47,19.09
2015-02-18,19.4,8327439.0,19.44,19.115,19.09
2015-02-19,19.04,7479731.0,19.26,19.2,18.76
2015-02-20,19.18,7565731.0,19.4,19.39,18.92
2015-02-23,19.38,6071313.0,19.38,19.29,19.12
2015-02-24,19.37,9432238.0,19.535,19.39,19.29
2015-02-25,19.53,6592898.0,19.53,19.4,19.24
2015-02-26,19.34,3978371.0,19.47,19.44,19.31
2015-02-27,19.4,6902195.0,19.525,19.36,19.34
2015-03-02,19.32,7420912.0,19.54,19.51,19.24
2015-03-03,19.42,7684670.0,19.55,19.49,19.34
2015-03-04,19.43,6020733.0,19.44,19.28,19.18
2015-03-05,19.28,4869952.0,19.32,19.31,19.07
2015-03-06,19.32,8028181.0,19.75,19.45,19.16
2015-03-09,19.49,7391968.0,19.5,19.465,19.355
2015-03-10,19.19,6977037.0,19.33,19.075,19.07
2015-03-11,19.14,8029991.0,19.1499,19.02,18.93
2015-03-12,19.21,15268743.0,19.39,19.24,18.97
2015-03-13,19.23,9608279.0,19.27,19.08,18.945
2015-03-16,19.2,9314310.0,19.3,19.25,19.1
2015-03-17,19.26,9765127.0,19.31,19.25,19.05
2015-03-18,19.23,9163343.0,19.48,19.255,19.05
2015-03-19,19.15,9223027.0,19.35,19.22,19.0
2015-03-20,19.33,7396687.0,19.5,19.48,19.21
2015-03-23,19.51,4967387.0,19.6297,19.29,19.29
2015-03-24,19.21,6054211.0,19.3,19.18,19.05
2015-03-25,19.16,9405602.0,19.17,18.815,18.81
2015-03-26,18.74,10634335.0,19.17,19.09,18.66
2015-03-27,18.87,8355877.0,18.95,18.91,18.69
2015-03-30,19.04,5706684.0,19.14,19.06,18.96
2015-03-31,18.99,11565252.0,19.055,18.85,18.8
2015-04-01,18.78,8702014.0,18.92,18.915,18.63
2015-04-02,18.92,5482086.0,19.09,18.98,18.82
2015-04-06,18.77,6633946.0,19.09,18.98,18.68
2015-04-07,19.05,4932334.0,19.29,19.19,19.02
2015-04-08,19.2,6344983.0,19.3,19.1,19.02
2015-04-09,19.18,5252451.0,19.23,19.2,19.04
2015-04-10,19.2,3940271.0,19.25,19.05,19.0
2015-04-13,19.09,4703438.0,19.24,19.21,19.04
2015-04-14,19.12,5721914.0,19.22,19.01,18.95
2015-04-15,19.06,4932263.0,19.34,19.17,19.0
2015-04-16,19.18,6976259.0,19.36,19.28,18.97
2015-04-17,19.1,6423113.0,19.2,18.905,18.88
2015-04-20,19.04,6201256.0,19.1,18.99,18.89
2015-04-21,19.25,14334727.0,19.6,19.41,19.15
2015-04-22,19.45,9363531.0,19.85,19.75,19.4
2015-04-23,19.72,4446134.0,19.78,19.7,19.6
2015-04-24,19.65,5034416.0,19.71,19.54,19.44
2015-04-27,19.55,7650552.0,19.79,19.65,19.51
2015-04-28,19.66,6387753.0,19.86,19.82,19.57
2015-04-29,19.81,7399723.0,20.21,20.08,19.78
2015-04-30,20.02,7717629.0,20.18,20.0,19.87
2015-05-01,20.08,8873998.0,20.24,20.24,19.92
2015-05-04,20.27,6389162.0,20.44,20.44,20.18
2015-05-05,20.35,5729946.0,20.61,20.35,20.29
2015-05-06,20.38,7177237.0,20.43,20.11,20.02
2015-05-07,20.13,7269507.0,20.19,19.975,19.875
2015-05-08,20.07,4433624.0,20.23,20.21,19.98
2015-05-11,20.14,4652677.0,20.35,20.32,20.11
2015-05-12,20.25,4754070.0,20.35,20.28,20.03
2015-05-13,20.23,5165439.0,20.5,20.49,20.155
2015-05-14,20.58,6044565.0,20.65,20.625,20.44
2015-05-15,20.64,4851956.0,20.64,20.36,20.29
2015-05-18,20.4,3985406.0,20.59,20.52,20.33
2015-05-19,20.85,6463392.0,20.97,20.94,20.65
2015-05-20,20.76,11854409.0,20.85,20.47,20.46
2015-05-21,20.4,4990739.0,20.55,20.465,20.38
2015-05-22,20.47,4407293.0,20.57,20.51,20.42
2015-05-26,20.49,8416809.0,20.52,20.42,20.315
2015-05-27,20.48,8245688.0,20.66,20.61,20.31
2015-05-28,20.6,6298640.0,20.61,20.59,20.44
2015-05-29,20.58,11516066.0,20.58,20.24,20.24
2015-06-01,20.24,15818148.0,20.29,20.065,19.88
2015-06-02,20.03,10174908.0,20.41,20.31,19.96
2015-06-03,20.42,6527770.0,20.66,20.57,20.35
2015-06-04,20.48,8233484.0,20.55,20.34,20.28
2015-06-05,20.59,10507832.0,20.88,20.84,20.5
2015-06-08,20.8,5618819.0,20.98,20.8,20.73
2015-06-09,20.85,6234283.0,21.136,20.99,20.74
2015-06-10,21.13,8164613.0,21.45,21.29,21.05
2015-06-11,21.31,6861070.0,21.4,21.16,21.15
2015-06-12,21.13,5931447.0,21.28,21.17,21.09
2015-06-15,20.99,7245488.0,21.29,21.14,20.9417
2015-06-16,21.05,3869271.0,21.295,21.225,21.025
2015-06-17,21.27,7036020.0,21.34,20.96,20.935
2015-06-18,21.0,11032596.0,21.14,21.13,20.78
2015-06-19,21.1,6056396.0,21.24,21.04,21.01
2015-06-22,21.28,11425780.0,21.67,21.63,21.05
2015-06-23,21.81,8715807.0,21.9,21.69,21.58
2015-06-24,21.65,5866735.0,21.7,21.52,21.485
2015-06-25,21.62,6666867.0,21.68,21.41,21.38
2015-06-26,21.41,7734775.0,21.53,21.27,21.24
2015-06-29,20.86,7856657.0,21.16,20.75,20.69
2015-06-30,20.99,9015455.0,21.16,20.82,20.655
2015-07-01,21.04,7907647.0,21.16,21.14,20.94
2015-07-02,21.03,9885975.0,21.08,20.93,20.71
2015-07-06,20.7,9560927.0,21.02,21.0,20.57
2015-07-07,20.94,8466947.0,20.96,20.71,20.34
2015-07-08,20.57,7299025.0,20.66,20.46,20.4
2015-07-09,20.73,5393253.0,20.8599,20.66,20.57
2015-07-10,20.9,3688067.0,21.02,20.895,20.7301
2015-07-13,21.11,3964698.0,21.16,21.09,20.965
2015-07-14,20.95,4972510.0,21.23,21.14,20.87
2015-07-15,21.2,4908134.0,21.38,21.26,21.13
2015-07-16,21.45,5380184.0,21.5,21.355,21.29
2015-07-17,21.25,4910874.0,21.26,21.13,20.97
2015-07-20,21.18,5979098.0,21.31,21.28,21.115
2015-07-21,21.4,10235702.0,21.93,21.52,21.4
2015-07-22,21.54,10230146.0,21.745,21.59,21.33
2015-07-23,21.54,6625268.0,21.7,21.3,21.24
2015-07-24,21.32,4526783.0,21.32,21.14,21.065
2015-07-27,20.99,5026281.0,21.08,20.85,20.79
2015-07-28,20.92,4614865.0,20.98,20.9,20.705
2015-07-29,20.86,4938308.0,21.14,21.11,20.84
2015-07-30,21.05,4108098.0,21.21,21.15,20.98
2015-07-31,21.15,4343010.0,21.21,21.07,21.01
2015-08-03,21.07,3783031.0,21.18,21.075,20.91
2015-08-04,21.05,6239138.0,21.43,21.16,20.91
2015-08-05,21.25,5062305.0,21.54,21.35,21.18
2015-08-06,21.39,4141283.0,21.46,21.23,21.15
2015-08-07,21.18,4831194.0,21.4,21.14,20.98
2015-08-10,21.33,4954300.0,21.74,21.71,21.28
2015-08-11,21.46,5129932.0,21.58,21.17,21.06
2015-08-12,20.97,6448984.0,20.98,20.68,20.46
2015-08-13,20.73,3464426.0,20.87,20.84,20.62
2015-08-14,20.85,6300777.0,21.18,21.11,20.76
2015-08-17,21.02,3951242.0,21.27,21.13,20.845
2015-08-18,21.12,4090845.0,21.28,21.16,21.03
2015-08-19,21.06,7777014.0,21.2,20.99,20.87
2015-08-20,20.84,8326847.0,20.85,20.46,20.435
2015-08-21,20.19,12231581.0,20.34,19.805,19.79
2015-08-24,18.71,13677159.0,19.305,18.69,18.32
2015-08-25,19.23,11572454.0,19.44,18.23,18.21
2015-08-26,18.82,15747788.0,19.24,19.19,18.64
2015-08-27,19.41,14027655.0,19.999,19.94,19.38
2015-08-28,19.87,6959525.0,20.02,19.97,19.78
2015-08-31,19.8,5887239.0,20.0,19.92,19.78
2015-09-01,19.42,11162727.0,19.5501,19.09,18.985
2015-09-02,19.43,4977072.0,19.49,19.34,19.0626
2015-09-03,19.38,5242424.0,19.74,19.5,19.26
2015-09-04,19.26,5228450.0,19.365,19.22,19.08
2015-09-08,19.68,4472501.0,19.82,19.81,19.25
2015-09-09,20.1,6713488.0,20.16,19.67,19.63
2015-09-10,19.56,5298176.0,19.96,19.78,19.28
2015-09-11,19.61,4384078.0,19.78,19.77,19.58
2015-09-14,19.74,4637400.0,19.995,19.84,19.69
2015-09-15,19.87,6206269.0,20.085,20.04,19.81
2015-09-16,20.1,5747381.0,20.15,20.11,19.83
2015-09-17,20.14,10643818.0,20.1701,19.4,19.305
2015-09-18,19.16,13332260.0,19.3,18.91,18.78
2015-09-21,18.94,5577029.0,19.25,19.18,18.94
2015-09-22,18.79,7102191.0,19.01,18.85,18.705
2015-09-23,18.8,6338961.0,19.016,18.8,18.68
2015-09-24,18.54,5933084.0,18.93,18.84,18.54
2015-09-25,19.07,8898698.0,19.32,19.26,18.93
2015-09-28,19.05,6834577.0,19.15,18.6,18.58
2015-09-29,18.6,7035307.0,18.77,18.65,18.47
2015-09-30,18.77,6147323.0,18.99,18.91,18.69
2015-10-01,18.85,5287728.0,19.035,18.97,18.73
2015-10-02,18.33,10032004.0,18.69,18.68,18.15
2015-10-05,18.9,7753043.0,19.158,19.13,18.7
2015-10-06,19.08,6690394.0,19.24,18.95,18.88
2015-10-07,19.12,9532096.0,19.33,19.04,18.905
2015-10-08,19.01,13571274.0,19.2,19.15,18.895
2015-10-09,19.12,7179284.0,19.26,18.97,18.81
2015-10-12,18.93,3762719.0,19.04,18.99,18.83
2015-10-13,18.92,5110668.0,19.02,18.82,18.78
2015-10-14,18.78,5888985.0,18.98,18.54,18.45
2015-10-15,18.38,8101094.0,19.04,19.04,18.38
2015-10-16,19.13,6429120.0,19.18,19.0,18.85
2015-10-19,18.94,9308399.0,19.225,19.02,18.9
2015-10-20,18.96,11798902.0,19.115,18.83,18.485
2015-10-21,18.86,15553595.0,18.99,18.28,18.24
2015-10-22,18.39,12881023.0,18.875,18.71,18.39
2015-10-23,18.9,6927747.0,19.11,19.11,18.78
2015-10-26,18.64,7882058.0,19.14,18.95,18.64
2015-10-27,18.85,4496057.0,18.945,18.75,18.67
2015-10-28,18.78,11104932.0,19.67,19.66,18.78
2015-10-29,19.64,5741519.0,19.77,19.47,19.42
2015-10-30,19.48,9979251.0,19.525,19.05,18.93
2015-11-02,19.16,7132433.0,19.56,19.55,19.06
2015-11-03,19.5,8949064.0,19.695,19.53,19.42
2015-11-04,19.55,6655015.0,19.69,19.48,19.45
2015-11-05,19.56,7309639.0,19.91,19.82,19.5331
2015-11-06,20.31,9792049.0,20.62,20.49,20.25
2015-11-09,20.62,8782891.0,20.645,20.41,20.115
2015-11-10,20.38,9211842.0,20.64,20.63,20.2
2015-11-11,20.74,6389460.0,20.76,20.41,20.335
2015-11-12,20.23,7164326.0,20.31,20.06,20.02
2015-11-13,19.99,6662370.0,20.11,19.69,19.605
2015-11-16,19.57,7300384.0,19.78,19.78,19.47
2015-11-17,19.85,6220088.0,20.14,19.84,19.75
2015-11-18,19.97,8176647.0,20.38,20.36,19.8
2015-11-19,20.3,5635171.0,20.495,20.42,20.245
2015-11-20,20.52,6349123.0,20.555,20.26,20.24
2015-11-23,20.27,6100295.0,20.615,20.44,20.23
2015-11-24,20.34,7458799.0,20.525,20.51,20.185
2015-11-25,20.5,4384354.0,20.62,20.53,20.375
2015-11-27,20.58,2028682.0,20.65,20.64,20.41
2015-11-30,20.72,5937878.0,20.8,20.67,20.58
2015-12-01,20.8,10760866.0,21.11,21.02,20.69
2015-12-02,21.08,8022919.0,21.135,20.75,20.73
2015-12-03,20.91,9365959.0,21.04,20.475,20.41
2015-12-04,20.52,8496903.0,21.1,21.06,20.415
2015-12-07,20.96,9049409.0,21.06,20.79,20.64
2015-12-08,20.52,12692274.0,20.69,20.03,19.96
2015-12-09,19.98,10147308.0,20.2401,19.76,19.66
2015-12-10,19.77,9002369.0,20.27,20.065,19.68
2015-12-11,19.71,9853339.0,19.89,19.71,19.5
2015-12-14,19.8,10899253.0,19.98,19.85,19.4309
2015-12-15,20.12,8460346.0,20.65,20.52,19.93
2015-12-16,20.73,12474434.0,20.95,20.83,20.29
2015-12-17,20.9,10045469.0,20.96,20.285,20.27
2015-12-18,20.16,23181388.0,20.2,19.735,19.67
2015-12-21,19.87,6792105.0,19.97,19.86,19.59
2015-12-22,20.05,5880454.0,20.1,20.06,19.655
2015-12-23,20.21,5376698.0,20.48,20.46,20.07
2015-12-24,20.44,1600548.0,20.62,20.52,20.375
2015-12-28,20.4,4998551.0,20.475,20.45,20.12
2015-12-29,20.49,5496550.0,20.62,20.48,20.4
2015-12-30,20.41,5383701.0,20.48,20.25,20.23
2015-12-31,20.1,5378986.0,20.4,20.1,20.06
2016-01-04,19.48,11600458.0,19.68,19.55,19.335
2016-01-05,19.56,8993969.0,19.73,19.61,19.3925
2016-01-06,19.21,8937539.0,19.41,19.32,19.105
2016-01-07,18.93,11183231.0,19.07,18.71,18.68
2016-01-08,18.77,9007275.0,18.95,18.385,18.35
2016-01-11,18.46,10964652.0,18.62,18.17,18.025
2016-01-12,18.41,8673506.0,18.41,18.27,17.94
2016-01-13,18.42,18186202.0,18.45,17.33,17.33
2016-01-14,17.49,15342108.0,17.82,17.65,17.09
2016-01-15,17.04,10111817.0,17.235,17.12,16.75
2016-01-19,17.41,9522086.0,17.44,16.88,16.72
2016-01-20,16.51,18492411.0,16.715,16.53,15.95
2016-01-21,16.76,21771317.0,17.2489,15.73,15.72
2016-01-22,16.09,20065362.0,16.18,15.94,15.66
2016-01-25,15.78,24445604.0,15.88,15.01,14.9
2016-01-26,15.14,17255185.0,15.4,15.23,15.05
2016-01-27,15.15,11566837.0,15.87,15.42,15.12
2016-01-28,15.68,10970074.0,15.96,15.57,15.44
2016-01-29,15.64,11539609.0,15.81,15.8,15.48
2016-02-01,15.77,9965857.0,15.81,15.75,15.54
2016-02-02,15.47,8785132.0,15.6,15.33,15.19
2016-02-03,15.55,10962707.0,15.57,15.36,14.895
2016-02-04,15.31,8712420.0,15.76,15.53,15.31
2016-02-05,15.56,10519746.0,15.73,15.33,15.255
2016-02-08,15.05,10721922.0,15.33,14.8,14.52
2016-02-09,14.54,8490441.0,15.01,14.83,14.45
2016-02-10,14.98,9804045.0,15.115,14.665,14.66
2016-02-11,14.22,13541322.0,14.41,13.94,13.84
2016-02-12,14.26,10604515.0,14.89,14.87,14.21
2016-02-16,14.92,13441793.0,15.78,15.58,14.92
2016-02-17,15.75,10156616.0,15.92,15.41,15.32
2016-02-18,15.48,7721555.0,15.66,15.15,15.02
2016-02-19,15.05,6461461.0,15.315,15.28,14.91
2016-02-22,15.47,6385941.0,15.7,15.67,15.4011
2016-02-23,15.6,8010902.0,15.64,15.1,14.995
2016-02-24,14.85,7892468.0,15.1,15.05,14.56
2016-02-25,15.15,7226933.0,15.315,15.3,15.035
2016-02-26,15.47,7817084.0,15.915,15.68,15.3
2016-02-29,15.6,8223165.0,15.65,15.26,15.2
2016-03-01,15.39,9532711.0,16.2,16.16,15.39
2016-03-02,16.19,8960869.0,16.5,16.49,16.1
2016-03-03,16.44,6484036.0,16.86,16.86,16.4
2016-03-04,17.07,7730683.0,17.25,17.13,16.92
2016-03-07,17.07,6799920.0,17.12,17.04,16.885
2016-03-08,16.9,7625578.0,16.97,16.63,16.5899
2016-03-09,16.74,4911668.0,16.84,16.6,16.525
2016-03-10,16.78,7717366.0,16.94,16.86,16.5
2016-03-11,16.94,6548910.0,17.42,17.4,16.94
2016-03-14,17.3,6236182.0,17.5,17.29,17.105
2016-03-15,17.08,6779116.0,17.23,17.19,17.0
2016-03-16,17.17,10135481.0,17.315,16.84,16.715
2016-03-17,16.78,8888084.0,17.01,16.98,16.54
2016-03-18,17.11,13947471.0,17.44,17.36,17.0
2016-03-21,17.34,6647242.0,17.57,17.37,17.25
2016-03-22,17.2,7035857.0,17.52,17.38,17.14
2016-03-23,17.3,4553829.0,17.37,17.21,17.17
2016-03-24,17.03,6557205.0,17.15,17.1,16.78
2016-03-28,17.16,5177649.0,17.22,17.09,16.92
2016-03-29,16.81,8562717.0,16.81,16.7,16.48
2016-03-30,16.87,4858915.0,17.09,16.87,16.77
2016-03-31,16.85,6208188.0,16.9341,16.69,16.58
2016-04-01,16.39,7777177.0,16.82,16.8,16.29
2016-04-04,16.82,6608265.0,17.01,16.75,16.63
2016-04-05,16.5,6897492.0,16.675,16.44,16.36
2016-04-06,16.25,8863645.0,16.65,16.49,16.23
2016-04-07,16.28,12224120.0,16.36,16.13,16.02
2016-04-08,16.39,6200236.0,16.62,16.3,16.26
2016-04-11,16.43,6383534.0,16.75,16.43,16.36
2016-04-12,16.49,6716704.0,16.73,16.65,16.4389
2016-04-13,16.82,7539158.0,17.4531,17.41,16.81
2016-04-14,17.42,10393594.0,17.95,17.73,17.35
2016-04-15,17.75,7461217.0,17.82,17.67,17.59
2016-04-18,17.5,7814853.0,17.92,17.7,17.4211
2016-04-19,17.75,9035290.0,18.125,18.11,17.72
2016-04-20,18.17,9730440.0,18.43,18.39,17.99
2016-04-21,18.79,12052616.0,19.06,18.53,18.4
2016-04-22,18.61,9432548.0,18.72,18.62,18.47
2016-04-25,18.6,5224399.0,18.64,18.53,18.275
2016-04-26,18.58,8505772.0,18.77,18.75,18.46
2016-04-27,18.67,7830709.0,18.88,18.73,18.45
2016-04-28,18.56,6425852.0,18.73,18.49,18.37
2016-04-29,18.42,8684895.0,18.48,18.31,18.16
2016-05-02,18.35,5782369.0,18.48,18.45,18.105
2016-05-03,18.2,5613190.0,18.32,18.03,17.78
2016-05-04,17.91,6414715.0,17.95,17.54,17.4
2016-05-05,17.57,6635968.0,17.66,17.49,17.36
2016-05-06,17.27,5616125.0,17.48,17.48,17.22
2016-05-09,17.49,4718319.0,17.59,17.33,17.25
2016-05-10,17.45,4976198.0,17.81,17.73,17.33
2016-05-11,17.63,5339588.0,17.955,17.65,17.59
2016-05-12,17.78,5061222.0,17.93,17.55,17.43
2016-05-13,17.51,6219898.0,17.73,17.15,17.07
2016-05-16,17.24,9565683.0,17.64,17.6,17.04
2016-05-17,17.56,6629757.0,17.82,17.48,17.35
2016-05-18,17.49,13521577.0,18.32,18.28,17.47
2016-05-19,18.1,8796085.0,18.355,18.14,17.85
2016-05-20,18.21,6981071.0,18.455,18.28,18.14
2016-05-23,18.23,6206553.0,18.38,18.13,18.01
2016-05-24,18.25,6833809.0,18.57,18.37,18.2
2016-05-25,18.42,6568956.0,18.88,18.82,18.42
2016-05-26,18.83,4193116.0,18.89,18.6,18.5
2016-05-27,18.73,4794495.0,18.86,18.85,18.6
2016-05-31,18.93,8716100.0,19.0,18.87,18.75
2016-06-01,18.62,8709149.0,19.02,19.02,18.47
2016-06-02,18.92,8943287.0,19.32,19.3,18.83
2016-06-03,18.86,8141849.0,18.88,18.82,18.34
2016-06-06,18.89,7680858.0,19.34,19.2,18.72
2016-06-07,19.04,6678221.0,19.23,19.0,18.99
2016-06-08,19.02,4455204.0,19.14,18.98,18.94
2016-06-09,18.82,5591047.0,18.83,18.73,18.55
2016-06-10,18.45,5827146.0,18.545,18.53,18.33
2016-06-13,18.35,6129092.0,18.66,18.32,18.29
2016-06-14,18.2,6019679.0,18.4,17.83,17.77
2016-06-15,17.86,8552414.0,18.415,18.03,17.82
2016-06-16,17.87,6961664.0,17.9,17.86,17.58
2016-06-17,17.89,12170840.0,18.24,18.21,17.76
2016-06-20,18.58,10209102.0,18.88,18.4,18.36
2016-06-21,18.45,10842748.0,18.54,18.41,18.2
2016-06-22,18.4,5717480.0,18.765,18.44,18.4
2016-06-23,18.72,5494988.0,19.12,19.11,18.72
2016-06-24,17.9,11595183.0,18.17,17.5,17.5
2016-06-27,17.2,10151616.0,17.215,16.26,16.14
2016-06-28,16.47,12729447.0,16.68,16.64,16.25
2016-06-29,16.76,13175301.0,17.13,17.12,16.58
2016-06-30,17.28,15029944.0,17.59,17.59,17.15
2016-07-01,17.44,6242963.0,17.615,17.43,17.3
2016-07-05,17.02,6584758.0,17.1199,16.7,16.6
2016-07-06,16.4,7186374.0,16.895,16.77,16.2607
2016-07-07,17.01,4655094.0,17.14,16.95,16.71
2016-07-08,17.27,7059841.0,17.455,17.25,17.195
2016-07-11,17.41,3693237.0,17.57,17.42,17.31
2016-07-12,17.69,6148457.0,17.9,17.89,17.61
2016-07-13,17.91,6763922.0,17.98,17.94,17.69
2016-07-14,18.34,6064348.0,18.51,18.44,18.235
2016-07-15,18.59,7696580.0,18.61,18.54,18.375
2016-07-18,18.45,3738297.0,18.55,18.43,18.36
2016-07-19,18.38,4172335.0,18.56,18.41,18.26
2016-07-20,18.46,3984891.0,18.48,18.39,18.272
2016-07-21,18.34,6772197.0,18.495,18.26,18.21
2016-07-22,18.32,3717378.0,18.445,18.43,18.16
2016-07-25,18.38,3740546.0,18.51,18.42,18.35
2016-07-26,18.37,5571417.0,18.67,18.66,18.25
2016-07-27,18.64,7773216.0,18.85,18.65,18.541
2016-07-28,18.65,9015966.0,19.01,18.92,18.48
2016-07-29,18.93,5967317.0,19.1,18.98,18.775
2016-08-01,19.05,6510826.0,19.06,18.78,18.715
2016-08-02,18.69,5365464.0,18.825,18.58,18.46
2016-08-03,18.61,6622879.0,19.01,18.96,18.61
2016-08-04,19.0,5511893.0,19.105,18.87,18.81
2016-08-05,19.1,8247415.0,19.57,19.57,18.93
2016-08-08,19.62,6385385.0,19.72,19.4,19.38
2016-08-09,19.37,3145821.0,19.53,19.4,19.35
2016-08-10,19.4,4050196.0,19.48,19.09,19.07
2016-08-11,19.13,4856504.0,19.27,19.24,19.06
2016-08-12,19.12,3081718.0,19.21,19.11,18.94
2016-08-15,19.18,3116386.0,19.47,19.45,18.95
2016-08-16,19.32,3959351.0,19.54,19.41,19.32
2016-08-17,19.39,5852040.0,19.545,19.52,19.33
2016-08-18,19.5,5185842.0,19.62,19.58,19.47
2016-08-19,19.59,4108914.0,19.64,19.59,19.45
2016-08-22,19.57,3499187.0,19.65,19.62,19.48
2016-08-23,19.67,4762365.0,19.72,19.52,19.52
2016-08-24,19.55,4853179.0,19.65,19.45,19.41
2016-08-25,19.42,5076355.0,19.64,19.59,19.34
2016-08-26,19.67,4751036.0,19.87,19.69,19.55
2016-08-29,19.74,4416841.0,19.93,19.81,19.7001
2016-08-30,19.86,6274041.0,20.18,20.16,19.77
2016-08-31,20.18,5652675.0,20.22,20.16,19.9
2016-09-01,20.22,4985822.0,20.27,20.04,19.78
2016-09-02,20.11,4294094.0,20.139,20.1,19.9
2016-09-06,20.13,5004906.0,20.2,19.87,19.7
2016-09-07,19.79,4312462.0,20.06,20.02,19.7
2016-09-08,20.08,3965698.0,20.19,20.14,19.95
2016-09-09,20.1,5934910.0,20.255,19.93,19.925
2016-09-12,19.86,5739771.0,20.26,20.21,19.65
2016-09-13,20.29,13236106.0,20.3,20.22,19.76
2016-09-14,20.3,13660374.0,20.78,20.37,20.1
2016-09-15,20.27,7227506.0,20.67,20.54,20.25
2016-09-16,20.38,11059730.0,20.56,20.46,20.3
2016-09-19,20.59,6840226.0,20.72,20.63,20.5
2016-09-20,20.71,7533405.0,20.79,20.64,20.57
2016-09-21,20.71,7404512.0,20.85,20.74,20.5389
2016-09-22,20.88,8259580.0,21.04,20.8,20.75
2016-09-23,20.66,5734081.0,21.11,20.92,20.66
2016-09-26,20.78,7876182.0,20.8,20.46,20.43
2016-09-27,20.36,7075932.0,20.74,20.72,20.29
2016-09-28,20.66,8417062.0,20.71,20.54,20.32
2016-09-29,20.42,8316443.0,20.79,20.24,20.13
2016-09-30,20.35,6055801.0,20.66,20.46,20.3
2016-10-03,20.34,6026189.0,20.61,20.35,20.275
2016-10-04,20.25,9247985.0,20.71,20.47,20.25
2016-10-05,20.44,7166042.0,20.89,20.74,20.44
2016-10-06,20.8,5597445.0,20.94,20.74,20.55
2016-10-07,20.65,6015005.0,20.82,20.69,20.48
2016-10-10,20.76,6503817.0,20.87,20.68,20.64
2016-10-11,20.25,7407111.0,20.76,20.39,20.24
2016-10-12,20.44,6378439.0,20.58,20.37,20.3429
2016-10-13,20.17,12800135.0,20.23,19.74,19.64
2016-10-14,19.97,17027636.0,20.16,19.8,19.675
2016-10-17,19.81,8249134.0,19.84,19.58,19.57
2016-10-18,19.96,9141310.0,19.97,19.87,19.58
2016-10-19,19.91,17204890.0,20.69,20.52,19.874
2016-10-20,20.31,17496775.0,21.13,21.02,20.3008
2016-10-21,20.87,6436276.0,21.245,21.21,20.83
2016-10-24,21.4,5864933.0,21.46,21.31,21.25
2016-10-25,21.26,7439580.0,21.45,21.28,21.19
2016-10-26,21.23,6615698.0,21.69,21.67,21.11
2016-10-27,21.82,8360222.0,22.07,21.82,21.71
2016-10-28,21.9,5832413.0,21.92,21.61,21.485
2016-10-31,21.74,6959521.0,21.96,21.76,21.66
2016-11-01,21.9,6928286.0,22.0835,21.85,21.44
2016-11-02,21.78,5955588.0,21.78,21.62,21.485
2016-11-03,21.66,5409625.0,21.755,21.42,21.34
2016-11-04,21.41,8043792.0,21.545,21.21,21.185
2016-11-07,21.7,6174300.0,21.965,21.9,21.68
2016-11-08,21.81,7178314.0,21.84,21.65,21.51
2016-11-09,22.22,14189621.0,23.13,22.95,22.09
2016-11-10,23.25,13716036.0,23.93,23.74,23.09
2016-11-11,23.7,10993569.0,24.505,24.47,23.555
2016-11-14,24.81,12131957.0,25.61,25.27,24.77
2016-11-15,25.12,9359063.0,25.68,25.67,24.66
2016-11-16,25.19,10863308.0,25.37,24.9,24.765
2016-11-17,25.0,6275744.0,25.45,25.43,24.805
2016-11-18,25.43,5613626.0,25.75,25.68,25.275
2016-11-21,25.75,6480572.0,25.89,25.85,25.61
2016-11-22,26.0,9325351.0,26.185,26.14,25.75
2016-11-23,26.28,10900605.0,26.625,26.29,26.08
2016-11-25,26.38,3297388.0,26.405,26.14,26.08
2016-11-28,26.01,9961981.0,26.18,25.38,25.27
2016-11-29,25.5,6859196.0,25.73,25.39,25.305
2016-11-30,25.89,11881443.0,26.21,26.02,25.66
2016-12-01,26.23,7542319.0,26.7,26.44,26.07
2016-12-02,26.4,8486962.0,26.43,25.89,25.8248
2016-12-05,26.23,5712399.0,26.31,26.09,25.955
2016-12-06,26.29,6346449.0,26.34,26.32,25.855
2016-12-07,26.37,8108337.0,26.58,26.55,26.085
2016-12-08,26.75,8131370.0,27.115,26.98,26.41
2016-12-09,26.97,6558592.0,27.0,26.89,26.62
2016-12-12,26.9,7185315.0,26.985,26.54,26.47
2016-12-13,26.72,6125445.0,26.88,26.76,26.335
2016-12-14,26.52,9315254.0,27.31,26.91,26.35
2016-12-15,27.04,7213253.0,27.32,27.2,26.82
2016-12-16,27.1,10180077.0,27.42,26.8,26.74
2016-12-19,26.72,7136217.0,27.26,27.23,26.65
2016-12-20,27.38,5873079.0,27.875,27.79,27.26
2016-12-21,27.83,3270783.0,27.84,27.69,27.6
2016-12-22,27.73,3482554.0,27.78,27.62,27.45
2016-12-23,27.65,2275533.0,27.69,27.68,27.45
2016-12-27,27.69,2416194.0,27.82,27.76,27.63
2016-12-28,27.63,2906561.0,27.7,27.26,27.225
2016-12-29,27.3,5521661.0,27.34,26.73,26.6
2016-12-30,26.83,4901569.0,27.08,26.97,26.63
2017-01-03,27.33,6369018.0,27.56,27.05,26.82
2017-01-04,27.1,4651827.0,27.6,27.42,27.05
2017-01-05,27.28,8035185.0,27.35,26.64,26.55
2017-01-06,26.84,6093898.0,27.07,26.87,26.61
2017-01-09,26.73,3818071.0,26.935,26.76,26.52
2017-01-10,26.85,5239502.0,27.315,27.07,26.73
2017-01-11,26.83,5900157.0,27.1,27.09,26.68
2017-01-12,26.98,4526279.0,27.06,26.91,26.54
2017-01-13,27.01,5095736.0,27.69,27.29,27.0
2017-01-17,27.02,14325146.0,27.1,26.03,25.69
2017-01-18,26.15,9338897.0,26.34,26.33,25.86
2017-01-19,26.41,1762706.0,26.59,25.99,25.965
2017-01-20,26.17,1934565.0,26.435,26.29,26.08
2017-01-23,26.29,7614468.0,26.57,26.5,26.15
2017-01-24,26.73,12164961.0,26.76,26.6,25.66
2017-01-25,26.8,9686555.0,26.99,26.91,26.62
2017-01-26,27.02,5173801.0,27.25,27.11,26.88
2017-01-27,27.2,5038264.0,27.2289,26.76,26.67
2017-01-30,26.58,6398303.0,26.6,26.33,25.96
2017-01-31,26.01,8928823.0,26.4,26.1,26.01
2017-02-01,26.37,6181538.0,26.6,26.24,26.095
2017-02-02,25.97,6590906.0,26.09,25.94,25.76
2017-02-03,26.46,6312082.0,26.67,26.52,26.145
2017-02-06,26.43,6250956.0,26.86,26.76,26.36
2017-02-07,26.84,4923643.0,26.88,26.49,26.3
2017-02-08,26.23,7384282.0,26.32,25.89,25.68
2017-02-09,26.0,7587291.0,26.33,26.15,25.86
2017-02-10,26.38,4849787.0,26.66,26.51,26.21
2017-02-13,26.68,4321748.0,26.94,26.74,26.62
2017-02-14,26.7,6563790.0,27.58,27.55,26.64
2017-02-15,27.78,6620680.0,27.78,27.56,27.285
2017-02-16,27.54,6024698.0,27.67,27.6,27.42
2017-02-17,27.38,3990251.0,27.55,27.54,27.2299
2017-02-21,27.66,4878192.0,27.82,27.57,27.42
2017-02-22,27.42,5974243.0,27.59,27.5,27.27
2017-02-23,27.6,4619311.0,27.6,27.47,27.14
2017-02-24,27.21,5504089.0,27.34,27.32,27.02
2017-02-27,27.38,4637841.0,27.74,27.57,27.24
2017-02-28,27.5,6387803.0,27.62,27.44,27.31
2017-03-01,27.87,7880303.0,28.97,28.75,27.83
2017-03-02,28.78,6533487.0,28.8399,27.74,27.73
2017-03-03,27.61,5062543.0,27.99,27.84,27.53
2017-03-06,27.54,5069107.0,27.69,27.54,27.15
2017-03-07,27.51,4488878.0,27.64,27.37,27.26
2017-03-08,27.79,5920528.0,27.85,27.37,27.32
2017-03-09,27.46,3881620.0,27.78,27.49,27.39
2017-03-10,27.67,8208622.0,27.77,27.16,26.64
2017-03-13,27.13,4222102.0,27.23,26.96,26.9
2017-03-14,26.74,4538277.0,26.97,26.75,26.33
2017-03-15,27.08,4710558.0,27.08,26.45,26.29
2017-03-16,26.58,5421830.0,26.8,26.65,26.425
2017-03-17,26.66,11694319.0,26.77,26.35,26.22
2017-03-20,26.33,6475443.0,26.56,26.185,26.13
2017-03-21,26.37,9966815.0,26.37,24.91,24.78
2017-03-22,24.86,7864793.0,25.14,24.84,24.3
2017-03-23,24.76,7080049.0,25.385,25.06,24.66
2017-03-24,25.09,5978004.0,25.19,24.89,24.67
2017-03-27,24.28,5981366.0,24.78,24.73,24.015
2017-03-28,24.51,5956017.0,25.47,25.24,24.51
2017-03-29,25.14,6560997.0,25.275,25.04,24.84
2017-03-30,25.02,5986054.0,25.88,25.73,24.95
2017-03-31,25.58,3606714.0,25.7,25.4,25.39
2017-04-03,25.54,5680149.0,25.57,25.29,24.9927
2017-04-04,25.14,4240081.0,25.455,25.35,25.09
2017-04-05,25.62,4574172.0,25.76,24.9,24.89
2017-04-06,24.93,4004443.0,25.36,25.18,24.69
2017-04-07,24.98,5332115.0,25.24,25.01,24.84
2017-04-10,25.1,5018441.0,25.18,24.8,24.625
2017-04-11,24.66,7388364.0,24.78,24.69,24.241
2017-04-12,24.64,6222977.0,24.69,24.33,24.18
2017-04-13,24.24,6770296.0,24.51,23.93,23.91
2017-04-17,23.95,5744861.0,24.5,24.4,23.775
2017-04-18,24.21,6213594.0,24.4,24.01,23.83
2017-04-19,24.25,5729030.0,24.49,24.21,24.07
2017-04-20,24.31,7889080.0,25.065,24.95,24.31
2017-04-21,24.86,6046220.0,25.18,24.62,24.51
2017-04-24,25.35,7291182.0,25.58,25.33,25.15
2017-04-25,25.4,8845021.0,25.59,25.01,24.865
2017-04-26,25.05,8595210.0,25.28,24.97,24.91
2017-04-27,25.04,7548554.0,25.05,24.65,24.41
2017-04-28,24.62,4782544.0,24.85,24.43,24.42
2017-05-01,24.58,7005122.0,24.97,24.79,24.38
2017-05-02,24.81,5110090.0,24.87,24.46,24.325
2017-05-03,24.35,5877054.0,24.79,24.72,24.27
2017-05-04,24.94,6357216.0,25.16,24.91,24.7
2017-05-05,25.0,3297216.0,25.04,24.8,24.71
2017-05-08,24.77,3039345.0,25.04,24.94,24.75
2017-05-09,25.01,4841388.0,25.16,24.84,24.71
2017-05-10,24.76,6269434.0,24.92,24.63,24.59
2017-05-11,24.5,4541235.0,24.67,24.44,24.19
2017-05-12,24.19,6112817.0,24.3,24.16,23.8
2017-05-15,24.19,5544527.0,24.65,24.64,24.09
2017-05-16,24.64,5828795.0,24.95,24.9,24.62
2017-05-17,24.22,9427904.0,24.51,23.78,23.57
2017-05-18,23.75,7401819.0,24.06,23.82,23.54
2017-05-19,23.86,6220257.0,24.41,24.18,23.765
2017-05-22,24.28,5353233.0,24.57,24.39,24.14
2017-05-23,24.49,5380632.0,24.815,24.74,24.23
2017-05-24,24.73,6493009.0,24.76,24.48,24.31
2017-05-25,24.54,4990016.0,24.86,24.47,24.39
2017-05-26,24.45,4651932.0,24.53,24.26,24.235
2017-05-30,24.16,4829308.0,24.2,24.05,23.74
2017-05-31,24.07,9182066.0,24.095,23.74,23.57
2017-06-01,23.29,6320050.0,24.0899,24.03,23.2
2017-06-02,23.82,8135323.0,23.92,23.64,23.595
2017-06-05,23.82,7029240.0,24.07,23.7,23.69
2017-06-06,23.45,6893518.0,23.755,23.62,23.23
2017-06-07,23.77,6148108.0,24.0,23.875,23.64
2017-06-08,23.82,6358853.0,24.73,24.33,23.775
2017-06-09,24.45,7966140.0,25.14,25.06,24.45
2017-06-12,25.06,6727389.0,25.56,25.19,24.9
2017-06-13,25.37,5396473.0,25.57,25.33,25.17
2017-06-14,24.88,8268318.0,25.65,25.58,24.85
2017-06-15,25.34,4339698.0,25.67,25.48,25.24
2017-06-16,25.1,6190624.0,25.58,25.47,25.08
2017-06-19,25.62,3893287.0,25.91,25.59,25.5
2017-06-20,25.58,5897469.0,25.69,25.56,25.24
2017-06-21,25.61,6680163.0,25.67,25.39,25.31
2017-06-22,25.35,6101592.0,25.37,25.14,24.88
2017-06-23,25.32,7111409.0,25.36,24.66,24.58
2017-06-26,24.68,3404377.0,25.055,24.82,24.59
2017-06-27,25.0,5313564.0,25.34,25.09,24.83
2017-06-28,25.23,5687836.0,25.57,25.49,25.185
2017-06-29,26.2,10090857.0,26.69,26.07,25.915
2017-06-30,26.24,5723378.0,26.35,25.96,25.77
2017-07-03,26.19,2930742.0,26.72,26.47,26.14
2017-07-05,26.52,4959327.0,26.76,26.58,26.315
2017-07-06,26.55,5293858.0,26.865,26.46,26.44
2017-07-07,26.55,3964689.0,26.6233,26.48,26.305
2017-07-10,26.38,4893431.0,26.58,26.34,26.21
2017-07-11,26.35,5892730.0,26.49,26.19,26.01
2017-07-12,25.98,4851477.0,26.24,26.11,25.91
2017-07-13,26.18,4175593.0,26.29,26.29,26.06
2017-07-14,25.93,5220805.0,26.155,26.08,25.64
2017-07-17,26.0,4474745.0,26.285,26.16,25.87
2017-07-18,25.8,4781014.0,25.97,25.82,25.58
2017-07-19,25.9,6269391.0,26.0,25.8,25.585
2017-07-20,25.84,8410631.0,25.95,25.49,25.42
2017-07-21,25.61,9345485.0,26.39,26.18,25.51
2017-07-24,26.23,5722482.0,26.47,26.43,26.12
2017-07-25,26.86,7876705.0,27.075,26.59,26.5
2017-07-26,26.48,7106308.0,26.71,26.18,26.07
2017-07-27,26.23,5351678.0,26.38,26.14,25.99
2017-07-28,26.14,5550845.0,26.43,26.38,25.981
2017-07-31,26.47,4781108.0,26.79,26.7,26.4
2017-08-01,26.82,5252347.0,26.94,26.92,26.6
2017-08-02,26.88,4243043.0,27.01,26.96,26.78
2017-08-03,26.87,5895677.0,26.98,26.9,26.75
2017-08-04,27.17,5526426.0,27.595,27.18,27.03
2017-08-07,27.17,3559629.0,27.21,27.03,26.92
2017-08-08,27.0,6734582.0,27.86,27.45,26.92
2017-08-09,27.16,5809761.0,27.3,27.14,26.97
2017-08-10,26.86,5189778.0,26.95,26.38,26.33
2017-08-11,26.54,4164869.0,26.67,26.11,25.98
2017-08-14,26.39,3320198.0,26.75,26.68,26.37
2017-08-15,26.77,5103178.0,27.35,27.02,26.77
2017-08-16,27.13,7541009.0,27.23,26.83,26.7
2017-08-17,26.8,7987613.0,26.91,26.26,26.21
2017-08-18,26.15,8510629.0,26.54,26.33,26.12
2017-08-21,26.33,4081590.0,26.39,26.21,26.13
2017-08-22,26.29,5173743.0,26.62,26.62,26.29
2017-08-23,26.37,3578121.0,26.795,26.6,26.27
2017-08-24,26.71,3670935.0,26.91,26.85,26.6572
2017-08-25,26.92,4241819.0,27.0,26.67,26.66
2017-08-28,26.73,4829710.0,26.83,26.59,26.47
2017-08-29,26.33,4267542.0,26.43,26.26,26.1
2017-08-30,26.28,3882634.0,26.49,26.3,26.25
2017-08-31,26.38,4729068.0,26.49,26.13,26.09
2017-09-01,26.18,3404525.0,26.605,26.41,26.12
2017-09-05,26.3,5527877.0,26.39,25.79,25.74
2017-09-06,25.97,4075867.0,26.05,25.77,25.625
2017-09-07,25.75,7857053.0,25.8,24.97,24.655
2017-09-08,25.07,5506670.0,25.33,25.1,24.86
2017-09-11,25.38,4612966.0,25.84,25.7,25.36
2017-09-12,25.8,3273856.0,26.3,26.18,25.75
2017-09-13,26.02,4482377.0,26.42,26.33,26.0
2017-09-14,26.35,4155792.0,26.49,26.31,26.08
2017-09-15,26.18,7911028.0,26.52,26.52,25.98
2017-09-18,26.61,5451923.0,26.985,26.87,26.55
2017-09-19,26.89,4813165.0,27.27,27.18,26.83
2017-09-20,27.12,4330195.0,27.53,27.41,26.94
2017-09-21,27.37,3922342.0,27.68,27.54,27.37
2017-09-22,27.4,4640078.0,27.55,27.31,27.2
2017-09-25,27.29,8806241.0,27.47,27.14,26.98
2017-09-26,27.21,3793471.0,27.48,27.39,27.13
2017-09-27,27.83,6259592.0,27.935,27.68,27.52
2017-09-28,27.62,5305734.0,27.68,27.59,27.3245
2017-09-29,27.58,4345610.0,28.06,27.98,27.4865
2017-10-02,27.76,3962368.0,27.98,27.87,27.595
2017-10-03,27.94,3441829.0,28.04,27.91,27.72
2017-10-04,27.94,3438623.0,28.02,27.81,27.785
2017-10-05,27.8,3274975.0,28.3,28.22,27.645
2017-10-06,28.26,3430570.0,28.45,28.19,27.99
2017-10-09,28.29,2244074.0,28.29,28.13,28.02
2017-10-10,28.18,2420913.0,28.43,28.42,28.07
2017-10-11,28.43,2797870.0,28.43,28.26,28.12
2017-10-12,28.41,5996125.0,28.41,28.15,28.01
2017-10-13,28.05,7055587.0,28.28,28.06,27.72
2017-10-16,28.01,3625951.0,28.37,28.37,28.01
2017-10-17,28.38,4485199.0,28.4,27.97,27.94
2017-10-18,28.16,3673762.0,28.18,28.07,27.91
2017-10-19,27.85,3505364.0,28.34,28.28,27.77
2017-10-20,28.61,3875731.0,28.66,28.6,28.43
2017-10-23,28.59,4868746.0,28.65,28.43,28.37
2017-10-24,27.99,7683338.0,28.71,28.6,27.99
2017-10-25,28.88,6916263.0,29.22,28.58,28.41
2017-10-26,28.64,5260816.0,29.01,28.85,28.495
2017-10-27,28.85,4289214.0,29.09,29.07,28.76
2017-10-30,28.88,4974128.0,29.21,29.01,28.81
2017-10-31,28.95,4547827.0,29.18,28.9,28.84
2017-11-01,29.07,3638918.0,29.23,28.96,28.89
2017-11-02,28.93,4080520.0,29.39,29.26,28.76
2017-11-03,29.16,3586053.0,29.26,29.12,29.05
2017-11-06,29.09,2947601.0,29.33,29.24,28.99
2017-11-07,29.23,4823329.0,29.37,28.45,28.42
2017-11-08,28.16,6401572.0,28.5,28.3,28.15
2017-11-09,28.09,6197895.0,28.42,28.01,27.79
2017-11-10,28.08,6716938.0,28.56,27.67,27.65
2017-11-13,27.52,7250779.0,28.28,28.19,27.3825
2017-11-14,28.07,4517305.0,28.62,28.61,28.03
2017-11-15,28.44,4844132.0,28.61,28.46,28.2
2017-11-16,28.67,3926341.0,28.88,28.47,28.35
2017-11-17,28.18,3765003.0,28.54,28.45,28.13
2017-11-20,28.53,4814315.0,28.68,28.57,28.4
2017-11-21,28.71,3423927.0,28.71,28.48,28.415
2017-11-22,28.49,2672856.0,28.675,28.42,28.38
2017-11-24,28.53,2281089.0,28.55,28.2,28.16
2017-11-27,28.25,5387393.0,28.4,28.4,28.15
2017-11-28,28.5,5422608.0,29.27,29.24,28.4
2017-11-29,29.51,6388356.0,30.55,30.46,29.5
2017-11-30,30.67,7991378.0,31.115,30.51,30.44
2017-12-01,30.6,7486681.0,30.97,30.69,29.75
2017-12-04,31.21,7291799.0,31.83,31.36,31.17
2017-12-05,31.41,6391256.0,31.64,30.78,30.72
2017-12-06,30.75,8058937.0,31.045,30.58,30.45
2017-12-07,30.39,10071551.0,30.73,30.4,30.03
2017-12-08,30.67,10185776.0,30.73,30.37,29.9
2017-12-11,30.32,4887733.0,30.68,30.3,30.16
2017-12-12,30.26,6485611.0,30.71,30.45,30.1502
2017-12-13,30.4,6658303.0,30.65,29.94,29.9
2017-12-14,30.07,9008313.0,30.1,29.67,29.59
2017-12-15,29.85,16787129.0,30.33,30.03,29.585
2017-12-18,30.34,6810841.0,30.815,30.47,30.16
2017-12-19,30.68,5582985.0,30.89,30.62,30.5
2017-12-20,30.93,4986059.0,31.0699,30.51,30.46
2017-12-21,30.75,4309598.0,31.03,30.93,30.65
2017-12-22,31.12,2619503.0,31.12,30.84,30.615
2017-12-26,30.78,1969129.0,31.03,30.68,30.52
2017-12-27,30.76,2233777.0,30.81,30.66,30.55
2017-12-28,30.6,3140755.0,30.7,30.64,30.41
2017-12-29,30.68,2948150.0,30.78,30.34,30.34
2018-01-02,31.19,4433114.0,31.19,30.43,30.18
2018-01-03,30.4,4288008.0,30.64,30.52,30.29
2018-01-04,30.73,6086894.0,31.0075,30.63,30.56
2018-01-05,30.72,4357598.0,30.81,30.71,30.43
2018-01-08,30.67,5839284.0,30.81,30.7,30.455
2018-01-09,30.82,4300973.0,31.53,31.25,30.76
2018-01-10,31.32,3384880.0,31.925,31.58,31.28
2018-01-11,31.68,3249116.0,31.9,31.86,31.535
2018-01-12,32.0,4340746.0,32.36,32.35,31.87
2018-01-16,32.4,4942275.0,32.685,32.28,32.085
2018-01-17,32.45,4402751.0,32.56,32.49,31.945
2018-01-18,32.53,4312366.0,32.65,32.17,32.07
2018-01-19,32.12,4953573.0,32.55,32.5,32.07
2018-01-22,32.5,5518776.0,32.875,32.77,32.33
2018-01-23,32.65,6969881.0,33.17,32.92,32.06
2018-01-24,33.17,4496039.0,33.4,33.33,32.9134
2018-01-25,33.51,4275694.0,33.51,32.84,32.82
2018-01-26,32.94,3339474.0,33.395,33.35,32.84
2018-01-29,33.31,2909802.0,33.5889,33.17,33.12
2018-01-30,32.97,3406987.0,33.38,33.02,32.88
2018-01-31,33.08,4270928.0,33.47,33.1,32.99
2018-02-01,33.15,3264663.0,33.67,33.66,32.98
2018-02-02,33.5,4896391.0,33.91,33.13,32.995
2018-02-05,32.68,6047075.0,33.3,31.7,31.52
2018-02-06,30.78,8149750.0,32.14,32.02,30.53
2018-02-07,31.94,5253109.0,32.79,32.34,31.83
2018-02-08,32.3,6378462.0,32.35,31.1,31.1
2018-02-09,31.66,7756887.0,32.15,31.98,30.89
2018-02-12,32.18,5367907.0,32.67,32.25,31.89
2018-02-13,32.09,3193656.0,32.49,32.39,31.92
2018-02-14,32.37,4622718.0,33.375,33.25,32.22
2018-02-15,33.45,3702781.0,33.53,33.2,33.1
2018-02-16,33.11,5479881.0,33.43,33.13,32.93
2018-02-20,33.03,3839282.0,33.44,33.21,33.03
2018-02-21,33.33,4490955.0,33.93,33.44,33.16
2018-02-22,33.63,5049014.0,33.71,32.87,32.75
2018-02-23,32.98,2801383.0,33.47,33.45,32.98
2018-02-26,33.71,3419988.0,33.77,33.76,33.305
2018-02-27,33.74,6965046.0,34.09,33.26,33.25
2018-02-28,33.42,5920778.0,33.75,33.05,33.04
2018-03-01,33.02,5035307.0,33.38,32.79,32.6
2018-03-02,32.53,4091256.0,33.01,32.91,32.11
2018-03-05,32.6,5013122.0,33.52,33.36,32.375
2018-03-06,33.56,3123720.0,33.75,33.66,33.04
2018-03-07,33.18,3662009.0,33.775,33.68,33.18
2018-03-08,33.73,3745094.0,33.84,33.67,33.115
2018-03-09,33.85,3626299.0,34.22,34.21,33.7
2018-03-12,34.2,4267293.0,34.41,34.26,33.97
2018-03-13,34.51,5059884.0,34.57,34.06,33.93
2018-03-14,33.95,4214056.0,34.14,33.62,33.51
2018-03-15,33.72,3418296.0,33.79,33.57,33.36
2018-03-16,33.72,8835692.0,34.055,33.72,33.59
2018-03-19,33.71,3810544.0,33.81,33.62,33.3
2018-03-20,33.81,4518726.0,33.91,33.53,33.48
2018-03-21,33.49,4176448.0,33.975,33.62,33.2825
2018-03-22,33.21,6857624.0,33.33,32.3,32.27
2018-03-23,32.44,6691187.0,32.54,31.03,31.0
2018-03-26,31.59,4890979.0,32.185,32.12,31.26
2018-03-27,32.33,4642002.0,32.43,31.34,31.065
2018-03-28,31.27,6960618.0,31.705,31.56,30.89
2018-03-29,31.77,5226853.0,31.87,31.75,31.37
2018-04-02,31.67,6416854.0,31.75,30.95,30.45
2018-04-03,31.08,3833651.0,31.69,31.56,31.0
2018-04-04,31.01,5066501.0,32.37,32.28,30.91
2018-04-05,32.48,4303300.0,32.62,32.33,32.17
2018-04-06,31.98,5365100.0,32.08,31.24,30.78
2018-04-09,31.42,4276558.0,32.17,31.4,31.38
2018-04-10,31.85,3985512.0,31.96,31.78,31.525
2018-04-11,31.53,3420334.0,31.7432,31.47,31.35
2018-04-12,31.72,4139047.0,32.46,32.26,31.65
2018-04-13,32.5,4879822.0,32.54,31.41,31.3
2018-04-16,31.65,4422829.0,31.71,31.49,31.21
2018-04-17,31.7,5807139.0,31.7,30.94,30.69
2018-04-18,31.0,4550534.0,31.29,30.78,30.725
2018-04-19,30.76,7234283.0,31.42,31.36,30.76
2018-04-20,31.43,4995781.0,31.72,31.42,31.24
2018-04-23,31.48,7073142.0,31.94,31.93,31.25
2018-04-24,33.0,11385289.0,33.89,33.25,32.7
2018-04-25,33.2,8342693.0,33.9,33.54,33.0
2018-04-26,33.45,5806026.0,34.07,33.62,33.34
2018-04-27,33.63,6273994.0,34.0,33.83,33.54
2018-04-30,33.98,5116005.0,34.17,33.17,33.17
2018-05-01,33.18,5756211.0,33.5,33.36,32.835
2018-05-02,33.22,7599820.0,33.31,32.75,32.69
2018-05-03,32.66,6024864.0,32.68,32.28,31.8
2018-05-04,32.12,5375502.0,32.71,32.63,31.87
2018-05-07,32.7,4574671.0,33.02,32.82,32.38
2018-05-08,32.9,4764969.0,33.46,33.1,32.73
2018-05-09,33.16,3363782.0,33.925,33.67,33.16
2018-05-10,33.64,3997090.0,34.155,33.94,33.4
2018-05-11,33.94,3717623.0,34.1867,33.98,33.84
2018-05-14,34.04,3754971.0,34.2,34.03,33.945
2018-05-15,34.0,5855184.0,34.67,34.31,33.9
2018-05-16,34.16,5271493.0,34.47,34.35,34.11
2018-05-17,34.36,4980768.0,34.5299,34.31,34.005
2018-05-18,34.25,5765370.0,34.27,33.56,33.55
2018-05-21,31.54,26880771.0,31.64,30.9,30.75
2018-05-22,31.12,16582826.0,32.16,31.89,31.03
2018-05-23,31.66,13001219.0,31.86,31.2,31.07
2018-05-24,31.11,12812371.0,31.81,31.76,30.91
2018-05-25,31.63,7708311.0,31.73,31.36,31.3
2018-05-29,31.01,10422498.0,31.195,30.29,30.13
2018-05-30,30.61,11183497.0,30.74,30.6,30.0
2018-05-31,30.56,7743887.0,30.765,30.58,30.39
2018-06-01,30.89,5772068.0,31.15,30.76,30.69
2018-06-04,30.82,4471345.0,31.1,31.0,30.78
2018-06-05,30.85,4419504.0,31.02,30.97,30.76
2018-06-06,31.14,6731142.0,31.745,31.65,31.0303
2018-06-07,31.72,6015677.0,32.01,31.62,31.395
2018-06-08,31.64,5407973.0,31.89,31.81,31.45
2018-06-11,31.84,6088584.0,31.96,31.42,31.37
2018-06-12,31.51,7592120.0,31.69,31.28,31.09
2018-06-13,31.35,5344982.0,31.65,31.15,31.0
2018-06-14,31.17,5950093.0,31.29,30.84,30.69
2018-06-15,30.78,10964486.0,30.78,30.67,30.28
2018-06-18,30.51,5124220.0,30.81,30.67,30.32
2018-06-19,30.34,5699427.0,30.665,30.57,30.25
2018-06-20,30.81,6541627.0,30.925,30.71,30.63
2018-06-21,30.63,5473978.0,30.895,30.63,30.24
2018-06-22,30.85,6830424.0,30.86,30.1,30.03
2018-06-25,30.07,7224878.0,30.17,30.06,29.54
2018-06-26,30.07,6847177.0,30.15,29.6,29.38
2018-06-27,29.63,7450649.0,29.78,28.93,28.88
2018-06-28,28.84,7828733.0,29.07,28.74,28.55
2018-06-29,29.07,8713618.0,29.445,28.7,28.69
2018-07-02,28.63,5633724.0,29.12,29.08,28.58
2018-07-03,29.19,3614685.0,29.24,28.91,28.85
2018-07-05,29.05,5621600.0,29.2,28.82,28.775
2018-07-06,28.8,3902707.0,29.21,29.14,28.56
2018-07-09,29.3,6437713.0,30.0299,29.96,29.25
2018-07-10,30.02,5475271.0,30.19,29.7,29.5
2018-07-11,29.56,5644877.0,29.97,29.57,29.5
2018-07-12,29.72,4794940.0,29.75,29.41,29.19
2018-07-13,29.19,5121733.0,29.4,29.09,28.89
2018-07-16,29.13,3671950.0,29.575,29.46,29.13
2018-07-17,29.44,4684521.0,29.68,29.52,29.37
2018-07-18,30.15,10344574.0,30.28,30.24,29.47
2018-07-19,29.92,13188840.0,29.92,28.31,28.29
2018-07-20,28.46,15014975.0,28.83,28.49,28.385
2018-07-23,28.55,9208294.0,29.35,29.19,28.55
2018-07-24,29.3,6449508.0,29.635,29.33,29.135
2018-07-25,29.25,7480309.0,29.52,29.27,29.09
2018-07-26,29.22,7941585.0,29.87,29.55,29.14
2018-07-27,29.68,8745576.0,29.99,29.51,29.46
2018-07-30,29.58,6140911.0,30.025,29.75,29.43
2018-07-31,29.75,6344888.0,29.98,29.59,29.47
2018-08-01,29.81,6684232.0,30.04,29.78,29.56
2018-08-02,29.59,6414713.0,30.16,30.01,29.47
2018-08-03,29.94,5858061.0,30.09,29.71,29.61
2018-08-06,29.69,4030955.0,29.74,29.56,29.36
2018-08-07,29.65,3977718.0,29.9066,29.64,29.6
2018-08-08,29.9,2896273.0,29.93,29.85,29.52
2018-08-09,29.75,4031498.0,29.85,29.52,29.475
2018-08-10,29.15,4481167.0,29.42,29.34,29.055
2018-08-13,29.41,3958553.0,29.56,29.13,29.1
2018-08-14,29.2,3519499.0,29.66,29.62,29.2
2018-08-15,29.25,4651929.0,29.56,29.17,29.035
2018-08-16,29.45,3927639.0,30.035,29.84,29.37
2018-08-17,29.78,4442581.0,29.86,29.69,29.57
2018-08-20,29.68,2699298.0,29.895,29.83,29.57
2018-08-21,29.83,3734043.0,30.31,30.07,29.71
2018-08-22,29.95,3589223.0,29.99,29.75,29.73
2018-08-23,29.77,3758724.0,29.79,29.48,29.44
2018-08-24,29.58,2552046.0,29.66,29.45,29.395
2018-08-27,29.59,3842332.0,29.93,29.74,29.5
2018-08-28,29.82,3381941.0,29.935,29.71,29.645
2018-08-29,29.65,6874419.0,29.76,29.52,29.135
2018-08-30,29.38,7064255.0,29.47,29.28,29.19
2018-08-31,29.23,3879036.0,29.455,29.43,29.0383
2018-09-04,29.73,4797247.0,29.85,29.74,29.48
2018-09-05,29.6,5054886.0,29.89,29.68,29.6
2018-09-06,29.69,4040021.0,29.84,29.5,29.49
2018-09-07,29.6,5257426.0,29.625,29.49,29.3
2018-09-10,29.63,3554023.0,29.64,29.42,29.23
2018-09-11,29.42,3783310.0,29.6,29.39,29.3
2018-09-12,29.32,4588068.0,29.32,28.87,28.745
2018-09-13,29.05,6152769.0,29.1,28.77,28.695
2018-09-14,29.37,4955492.0,29.37,29.02,28.83
2018-09-17,29.04,4408105.0,29.12,28.72,28.66
2018-09-18,28.71,5021644.0,28.88,28.85,28.62
2018-09-19,28.85,5458831.0,29.66,29.52,28.81
2018-09-20,29.63,5764785.0,30.125,29.79,29.63
2018-09-21,29.78,9683402.0,29.86,29.5,29.44
2018-09-24,29.46,4341902.0,29.7389,29.01,28.85
2018-09-25,29.13,4307206.0,29.28,28.98,28.965
2018-09-26,29.17,3855221.0,29.19,28.45,28.41
2018-09-27,28.3,3885265.0,28.39,27.94,27.9
2018-09-28,27.75,8712915.0,28.2287,27.92,27.4264
2018-10-01,28.1,5285721.0,28.17,27.8,27.67
2018-10-02,27.88,4370545.0,28.07,27.93,27.63
2018-10-03,28.1,5017788.0,28.65,28.49,27.9801
2018-10-04,28.52,8320798.0,29.0,28.5,28.34
2018-10-05,28.5,3861167.0,28.9,28.27,28.165
2018-10-08,28.35,3331060.0,28.7599,28.67,28.14
2018-10-09,28.51,5193477.0,28.61,28.46,28.23
2018-10-10,28.84,5579087.0,28.84,27.96,27.94
2018-10-11,27.85,7274783.0,28.02,27.23,27.11
2018-10-12,27.56,9709465.0,27.82,26.84,26.32
2018-10-15,26.77,4971941.0,27.135,26.71,26.66
2018-10-16,26.77,4365438.0,27.08,26.84,26.41
2018-10-17,26.74,4602147.0,27.46,27.03,26.53
2018-10-18,26.93,5397714.0,27.23,26.41,26.37
2018-10-19,26.41,6782339.0,26.79,26.33,26.11
2018-10-22,26.37,10074546.0,26.43,25.38,25.32
2018-10-23,24.68,10448969.0,26.2,26.0,24.1
2018-10-24,26.19,12070452.0,26.19,24.97,24.92
2018-10-25,25.09,10484272.0,26.035,25.87,25.08
2018-10-26,25.53,10063169.0,26.27,25.86,25.525
2018-10-29,26.2,9726056.0,26.95,26.63,26.2
2018-10-30,26.7,10149863.0,26.91,26.86,26.21
2018-10-31,27.18,11524718.0,27.585,26.99,26.98
2018-11-01,27.16,7740004.0,27.4,27.1,26.965
2018-11-02,27.35,5297983.0,27.68,27.36,27.1218
2018-11-05,27.42,4954553.0,27.73,27.57,27.35
2018-11-06,27.5,5404525.0,28.06,27.98,27.4837
2018-11-07,28.02,6554219.0,28.1,27.76,27.3
2018-11-08,27.61,6176894.0,28.04,27.74,27.304
2018-11-09,27.73,6387153.0,28.09,27.96,27.64
2018-11-12,27.83,6347872.0,28.075,27.64,27.6
2018-11-13,27.59,5576815.0,28.13,27.69,27.56
2018-11-14,27.92,6937452.0,27.98,27.09,26.68
2018-11-15,26.8,6955671.0,27.63,27.6,26.5212
2018-11-16,27.34,5181307.0,27.66,27.39,27.32
2018-11-19,27.43,4609885.0,27.72,27.37,27.105
2018-11-20,27.2,5246555.0,27.33,26.9,26.82
2018-11-21,26.97,3174857.0,27.26,26.8,26.59
2018-11-23,26.67,1144531.0,26.965,26.71,26.44
2018-11-26,27.01,3414709.0,27.49,27.26,26.85
2018-11-27,27.1,3977568.0,27.33,27.06,26.87
2018-11-28,27.15,5408593.0,27.44,27.42,26.695
2018-11-29,27.23,6241071.0,27.58,27.54,27.04
2018-11-30,27.42,6982136.0,28.09,27.93,27.35
2018-12-03,28.24,8021211.0,28.31,27.88,27.62
2018-12-04,27.71,8635664.0,27.89,26.08,25.945
2018-12-06,25.59,8156216.0,25.96,25.96,24.96
2018-12-07,25.98,5534376.0,26.39,25.59,25.38
2018-12-10,25.43,5741172.0,25.51,24.86,24.515
2018-12-11,25.13,5535537.0,25.37,24.59,24.38
2018-12-12,24.94,4665696.0,25.16,24.86,24.66
2018-12-13,24.89,6333003.0,24.99,24.28,24.21
2018-12-14,24.05,8861535.0,24.39,23.68,23.6
2018-12-17,23.66,9568014.0,24.08,23.74,23.5
2018-12-18,23.84,6059038.0,24.09,23.42,23.27
2018-12-19,23.39,9582688.0,23.72,22.8,22.63
2018-12-20,22.7,10035806.0,23.17,23.04,22.62
2018-12-21,23.01,11839963.0,23.57,22.73,22.705
2018-12-24,22.63,4807971.0,22.78,22.36,22.22
2018-12-26,22.42,7198358.0,23.54,23.53,22.12
2018-12-27,23.08,6257556.0,23.56,23.54,22.74
2018-12-28,23.38,5432068.0,23.735,23.37,23.19
2018-12-31,23.41,4096716.0,23.7007,23.53,23.1
2019-01-02,23.17,5951166.0,24.21,24.2,23.11
2019-01-03,24.1,5772927.0,24.49,24.18,23.935
2019-01-04,24.64,6154931.0,24.9,24.76,24.46
2019-01-07,24.63,4732304.0,25.17,24.9,24.46
2019-01-08,25.11,4427935.0,25.143,25.03,24.54
2019-01-09,25.01,6292973.0,25.265,25.05,24.89
2019-01-10,24.95,5025432.0,25.07,24.92,24.635
2019-01-11,24.79,4185310.0,25.13,25.06,24.64
2019-01-14,24.88,4450563.0,25.42,25.37,24.77
2019-01-15,25.28,5453403.0,25.48,25.46,24.83
2019-01-16,25.65,5550441.0,26.3,26.26,25.54
2019-01-17,26.12,5731865.0,26.48,26.41,25.805
2019-01-18,26.63,7051266.0,27.03,27.0,26.24
2019-01-22,27.15,10147828.0,27.96,27.56,27.14
2019-01-23,27.79,4709635.0,27.9,27.57,27.26
2019-01-24,27.41,4886777.0,27.75,27.65,27.314
2019-01-25,27.92,3962616.0,28.02,27.78,27.61
2019-01-28,27.62,3901657.0,27.92,27.68,27.51
2019-01-29,27.65,4093776.0,27.79,27.43,27.4
2019-01-30,27.43,6512962.0,27.45,27.04,26.96
2019-01-31,26.86,6898518.0,27.03,26.82,26.4
2019-02-01,26.95,3651818.0,27.1,26.87,26.74
2019-02-04,26.81,5906108.0,27.15,27.14,26.67
2019-02-05,27.11,4239792.0,27.13,26.89,26.73
2019-02-06,26.74,4481552.0,27.01,26.72,26.63
2019-02-07,27.22,8603185.0,27.55,26.78,26.64
2019-02-08,26.72,5134749.0,26.8653,26.43,26.16
2019-02-11,26.54,4608401.0,26.66,26.61,26.35
2019-02-12,26.87,4928368.0,27.24,27.07,26.82
2019-02-13,27.12,5262355.0,27.22,26.77,26.74
2019-02-14,26.53,4670699.0,26.705,26.52,26.36
2019-02-15,26.8,4904537.0,27.25,27.17,26.6701
2019-02-19,27.09,5149338.0,27.65,27.51,26.9473
2019-02-20,27.48,5303400.0,27.94,27.93,27.38
2019-02-21,27.95,5202832.0,27.98,27.74,27.6
2019-02-22,27.76,4745188.0,27.9,27.83,27.66
2019-02-25,27.96,5621679.0,28.11,27.7,27.67
2019-02-26,27.35,4437615.0,27.8,27.46,27.3
2019-02-27,27.39,6320916.0,27.86,27.81,27.315
2019-02-28,27.85,6957683.0,27.87,27.58,27.54
2019-03-01,27.8,6730239.0,28.06,27.57,27.55
2019-03-04,27.58,8370214.0,27.96,27.37,27.14
2019-03-05,27.35,9636671.0,27.475,27.4,26.745
2019-03-06,27.37,6604234.0,27.47,26.81,26.81
2019-03-07,26.65,15427245.0,27.14,26.6,26.43
2019-03-08,26.37,7098247.0,26.82,26.67,26.22
2019-03-11,26.82,5827598.0,27.21,27.07,26.58
2019-03-12,27.23,11097950.0,27.88,27.86,27.2
2019-03-13,27.97,6374963.0,28.225,27.98,27.8
2019-03-14,28.04,5236923.0,28.44,28.435,27.93
